ACTIVITY_CODE,ACTIVITY_NAME,TREATMENT_TYPE,FUND_CODES,NBR_UNITS_PLANNED,NBR_UNITS_ACCOMPLISHED,UOM,DATE_PLANNED,DATE_ACCOMPLISHED,DATE_COMPLETED,FY_PLANNED,FY_ACCOMPLISHED,FY_COMPLETED,ACTIVITY_UNIT_ORG,REGION_CODE,ADMIN_FOREST_CODE,DISTRICT_CODE,HOME_ORG,ADMIN_FOREST_NAME,ADMIN_DISTRICT_NAME,PROCLAIMED_FOREST_CODE,OWNERSHIP_CODE,OWNERSHIP_DESC,STATE_ABBR,WATERSHED_CODE,SLOPE,ELEVATION,ASPECT,METHOD_CODE,METHOD_DESC,EQUIPMENT_CODE,EQUIPMENT_DESC,COST_PER_UOM,NEPA_PROJECT_ID,NEPA_DOC_NAME,IMPLEMENTATION_PROJECT_NAMES,IMPLEMENTATION_PROJECT_NUMBERS,IMPLEMENTATION_PROJECT_TYPES,WORK_AGENT_CODES,SUBUNIT_SIZE,SUBUNIT_UOM,GIS_ACRES,ACTIVITY_UNIT_CN,SUBUNIT_CN,FACTS_ID,SUID,SUBUNIT,SUBUNIT_NAME,ACTIVITY_CN,NEPA_PROJECT_CN,STAGE,STAGE_DESC,REV_DATE,DATA_SOURCE_CODE,DATA_SOURCE_DESC,ACCURACY,UK,OBJECTID,ALPCOUNTY,SHAPEAREA,SHAPELEN
7100,"Pollinator habitat improved, restored or maintained",N/A,XXXX,33,33,ACRES,2018-09-25T00:00:00.000Z,2018-09-25T00:00:00.000Z,,2018,2018,,030703,03,07,03,030703,Kaibab National Forest,North Kaibab Ranger District,0307,FS,USDA FOREST SERVICE,AZ,,,,,420,Tractor Logging,455,Feller Buncher,,32654,(PALS)DN & FONSI JACOB-RYAN VEGETATION MANAGEMENT PROJECT,MONARCH BUTTERFLY HABITAT RESTORATION, ,MBHR,CT,33,ACRES,33.026,3978205010602,1160745010602,A000000083,030703A000000083120,120,ORDER EAST PAYUNIT 3 TENDING,5753318010602,33859,3,Accomplished,2018-10-31T15:22:49.000Z,2,GPS – Uncorrected Data,,0307_28017_ACTP,5483,Coconino,1.3486626156719e-05,0.0313087557826384
7100,"Pollinator habitat improved, restored or maintained",N/A,XXXX,5,5,ACRES,2018-09-25T00:00:00.000Z,2018-09-25T00:00:00.000Z,,2018,2018,,030703,03,07,03,030703,Kaibab National Forest,North Kaibab Ranger District,0307,FS,USDA FOREST SERVICE,AZ,,,,,420,Tractor Logging,455,Feller Buncher,,32654,(PALS)DN & FONSI JACOB-RYAN VEGETATION MANAGEMENT PROJECT,MONARCH BUTTERFLY HABITAT RESTORATION, ,MBHR,CT,5,ACRES,4.573,3978205010602,1160747010602,A000000083,030703A000000083121,121,ORDER EAST PAYMENT UNIT 3 GRP SELECT REGEN HARV.,5755256010602,33859,3,Accomplished,2018-10-31T15:22:49.000Z,2,GPS – Uncorrected Data,,0307_28018_ACTP,5484,Coconino,1.8674004061455e-06,0.0135867500527902
7100,"Pollinator habitat improved, restored or maintained",N/A,XXXX,128,128,ACRES,2018-09-25T00:00:00.000Z,2018-09-25T00:00:00.000Z,,2018,2018,,030703,03,07,03,030703,Kaibab National Forest,North Kaibab Ranger District,0307,FS,USDA FOREST SERVICE,AZ,,,,,420,Tractor Logging,455,Feller Buncher,,32654,(PALS)DN & FONSI JACOB-RYAN VEGETATION MANAGEMENT PROJECT,MONARCH BUTTERFLY HABITAT RESTORATION, ,MBHR,CT,128,ACRES,128.407,3978205010602,1160752010602,A000000083,030703A000000083122,122,ORDER EAST PAYUNIT 4 TENDING,5753321010602,33859,3,Accomplished,2018-10-31T15:22:49.000Z,2,GPS – Uncorrected Data,,0307_28019_ACTP,5485,Coconino,5.24506054921485e-05,0.0542211976499603
7100,"Pollinator habitat improved, restored or maintained",N/A,XXXX,164,,ACRES,2019-09-30T00:00:00.000Z,,,2019,,,030703,03,07,03,030703,Kaibab National Forest,North Kaibab Ranger District,0307,FS,USDA FOREST SERVICE,AZ,,,,,200,Mechanical,455,Feller Buncher,,32654,(PALS)DN & FONSI JACOB-RYAN VEGETATION MANAGEMENT PROJECT,MONARCH BUTTERFLY HABITAT RESTORATION, ,MBHR,CT,164,ACRES,163.901,3978205010602,1197219010602,A000000083,030703A000000083166,166,BASIN REOFFER PAYUNIT 3 TENDING ,5929670010602,33859,3,Accomplished,2019-09-27T19:48:52.000Z,2,GPS – Uncorrected Data,,0307_28653_ACTP,5507,Coconino,6.69369775587545e-05,0.0831121475695575
7100,"Pollinator habitat improved, restored or maintained",N/A,XXXX,92,,ACRES,2019-09-30T00:00:00.000Z,,,2019,,,030703,03,07,03,030703,Kaibab National Forest,North Kaibab Ranger District,0307,FS,USDA FOREST SERVICE,AZ,,,,,200,Mechanical,455,Feller Buncher,,32654,(PALS)DN & FONSI JACOB-RYAN VEGETATION MANAGEMENT PROJECT,MONARCH BUTTERFLY HABITAT RESTORATION, ,MBHR,CT,92,ACRES,92.145,3978205010602,1197220010602,A000000083,030703A000000083167,167,BASIN REOFFER PAYUNIT 4 TENDING ONLY,5929698010602,33859,3,Accomplished,2019-09-27T19:48:52.000Z,2,GPS – Uncorrected Data,,0307_28654_ACTP,5508,Coconino,3.7633991883875e-05,0.037260188573344
7100,"Pollinator habitat improved, restored or maintained",N/A,XXXX,86,,ACRES,2019-09-30T00:00:00.000Z,,,2019,,,030703,03,07,03,030703,Kaibab National Forest,North Kaibab Ranger District,0307,FS,USDA FOREST SERVICE,AZ,,,,,200,Mechanical,455,Feller Buncher,,32654,(PALS)DN & FONSI JACOB-RYAN VEGETATION MANAGEMENT PROJECT,MONARCH BUTTERFLY HABITAT RESTORATION, ,MBHR,CT,86,ACRES,85.571,3978205010602,1197221010602,A000000083,030703A000000083168,168,BASIN REOFFER PAYUNIT 5 TENDING ,5929718010602,33859,3,Accomplished,2019-09-27T19:48:52.000Z,2,GPS – Uncorrected Data,,0307_28655_ACTP,5509,Coconino,3.49493335170025e-05,0.0699659272067404
7100,"Pollinator habitat improved, restored or maintained",N/A,XXXX,2,,ACRES,2019-09-30T00:00:00.000Z,,,2019,,,030703,03,07,03,030703,Kaibab National Forest,North Kaibab Ranger District,0307,FS,USDA FOREST SERVICE,AZ,,,,,200,Mechanical,455,Feller Buncher,,32654,(PALS)DN & FONSI JACOB-RYAN VEGETATION MANAGEMENT PROJECT,MONARCH BUTTERFLY HABITAT RESTORATION, ,MBHR,CT,2,ACRES,1.672,3978205010602,1197673010602,A000000083,030703A000000083169,169,SMALL ORDER GRP SEL PU 1,5929759010602,33859,3,Accomplished,2019-09-27T19:48:50.000Z,2,GPS – Uncorrected Data,,0307_28627_ACTP,5510,Coconino,6.8263681577e-07,0.00508458667623262
7100,"Pollinator habitat improved, restored or maintained",N/A,XXXX,2,,ACRES,2019-09-30T00:00:00.000Z,,,2019,,,030703,03,07,03,030703,Kaibab National Forest,North Kaibab Ranger District,0307,FS,USDA FOREST SERVICE,AZ,,,,,200,Mechanical,455,Feller Buncher,,32654,(PALS)DN & FONSI JACOB-RYAN VEGETATION MANAGEMENT PROJECT,MONARCH BUTTERFLY HABITAT RESTORATION, ,MBHR,CT,2,ACRES,2.539,3978205010602,1197674010602,A000000083,030703A000000083170,170,SMALL ORDER GRP SEL PU 2,5929778010602,33859,3,Accomplished,2019-09-27T19:48:50.000Z,2,GPS – Uncorrected Data,,0307_28629_ACTP,5511,Coconino,1.0368707688615e-06,0.00706449650586675
7100,"Pollinator habitat improved, restored or maintained",N/A,XXXX,19,,ACRES,2019-09-30T00:00:00.000Z,,,2019,,,030703,03,07,03,030703,Kaibab National Forest,North Kaibab Ranger District,0307,FS,USDA FOREST SERVICE,AZ,,,,,200,Mechanical,455,Feller Buncher,,32654,(PALS)DN & FONSI JACOB-RYAN VEGETATION MANAGEMENT PROJECT,MONARCH BUTTERFLY HABITAT RESTORATION, ,MBHR,CT,19,ACRES,18.836,3978205010602,1197675010602,A000000083,030703A000000083171,171,SMALL ORDER TENDING PU 1,5929790010602,33859,3,Accomplished,2019-09-27T19:48:50.000Z,2,GPS – Uncorrected Data,,0307_28628_ACTP,5512,Coconino,7.691996999495e-06,0.0228312247494171
7100,"Pollinator habitat improved, restored or maintained",N/A,XXXX,36,,ACRES,2019-09-30T00:00:00.000Z,,,2019,,,030703,03,07,03,030703,Kaibab National Forest,North Kaibab Ranger District,0307,FS,USDA FOREST SERVICE,AZ,,,,,200,Mechanical,455,Feller Buncher,,32654,(PALS)DN & FONSI JACOB-RYAN VEGETATION MANAGEMENT PROJECT,MONARCH BUTTERFLY HABITAT RESTORATION, ,MBHR,CT,36,ACRES,36.034,3978205010602,1197676010602,A000000083,030703A000000083172,172,SMALL ORDER TENDING PU 2,5929801010602,33859,3,Accomplished,2019-09-27T19:48:50.000Z,2,GPS – Uncorrected Data,,0307_28630_ACTP,5513,Coconino,1.47170052957915e-05,0.0242412769655157
7100,"Pollinator habitat improved, restored or maintained",N/A,NFVW,1427,1427,ACRES,2016-01-01T00:00:00.000Z,2016-02-28T00:00:00.000Z,2016-02-28T00:00:00.000Z,2016,2016,2016,080308,08,03,08,080308,Chattahoochee-Oconee National Forest,Oconee Ranger District,0827,FS,USDA FOREST SERVICE,GA,,,,,000,Not Applicable,000,NA,,30571,(PALS)OCONEE FOREST HEALTH & WILDLIFE HABITAT IMPROVEMENT PROJECT,MONARCH BUTTERFLY HABITAT RESTORATION, ,MBHR,FA,3169,ACRES,1426.802,AU230880010602,876162010602,0000001000,0803080000001000004,004,HITCHITI  RX ,5246928010602,31757,3,Accomplished,2019-07-18T11:47:42.000Z,3,GPS – Differentially Corrected Data,0,0803_60117_ACTP,5514,Jones,0.000557318018262881,0.115610566191995
7100,"Pollinator habitat improved, restored or maintained",N/A,XXXX,80,80,ACRES,2018-09-25T00:00:00.000Z,2018-09-25T00:00:00.000Z,,2018,2018,,030703,03,07,03,030703,Kaibab National Forest,North Kaibab Ranger District,0307,FS,USDA FOREST SERVICE,AZ,,,,,420,Tractor Logging,455,Feller Buncher,,32654,(PALS)DN & FONSI JACOB-RYAN VEGETATION MANAGEMENT PROJECT,MONARCH BUTTERFLY HABITAT RESTORATION, ,MBHR,CT,80,ACRES,79.792,3978205010602,1160754010602,A000000083,030703A000000083124,124,ORDER EAST PAYUNIT 5 TENDING,5753326010602,33859,3,Accomplished,2018-10-31T15:22:49.000Z,2,GPS – Uncorrected Data,,0307_28021_ACTP,5487,Coconino,3.25922909168265e-05,0.0357403074228144
7100,"Pollinator habitat improved, restored or maintained",N/A,XXXX,5,5,ACRES,2018-09-25T00:00:00.000Z,2018-09-25T00:00:00.000Z,,2018,2018,,030703,03,07,03,030703,Kaibab National Forest,North Kaibab Ranger District,0307,FS,USDA FOREST SERVICE,AZ,,,,,420,Tractor Logging,455,Feller Buncher,,32654,(PALS)DN & FONSI JACOB-RYAN VEGETATION MANAGEMENT PROJECT,MONARCH BUTTERFLY HABITAT RESTORATION, ,MBHR,CT,5,ACRES,5.3,3978205010602,1160753010602,A000000083,030703A000000083123,123,ORDER EAST PAYUNIT 4 GRP SELECT REGEN HARV.,5755260010602,33859,3,Accomplished,2018-10-31T15:22:49.000Z,2,GPS – Uncorrected Data,,0307_28020_ACTP,5486,Coconino,2.165074369194e-06,0.0143620765919154
7100,"Pollinator habitat improved, restored or maintained",N/A,XXXX,3,3,ACRES,2018-09-25T00:00:00.000Z,2018-09-25T00:00:00.000Z,,2018,2018,,030703,03,07,03,030703,Kaibab National Forest,North Kaibab Ranger District,0307,FS,USDA FOREST SERVICE,AZ,,,,,420,Tractor Logging,455,Feller Buncher,,32654,(PALS)DN & FONSI JACOB-RYAN VEGETATION MANAGEMENT PROJECT,MONARCH BUTTERFLY HABITAT RESTORATION, ,MBHR,CT,3,ACRES,2.575,3978205010602,1160755010602,A000000083,030703A000000083125,125,ORDER EAST PAYUNIT 5 GRP SELECT REGEN HARV.,5755263010602,33859,3,Accomplished,2018-10-31T15:22:49.000Z,2,GPS – Uncorrected Data,,0307_28022_ACTP,5488,Coconino,1.0519380850135e-06,0.00647313574546616
7100,"Pollinator habitat improved, restored or maintained",N/A,XXXX,6,,ACRES,2019-09-30T00:00:00.000Z,,,2019,,,030703,03,07,03,030703,Kaibab National Forest,North Kaibab Ranger District,0307,FS,USDA FOREST SERVICE,AZ,,,,,200,Mechanical,455,Feller Buncher,,32654,(PALS)DN & FONSI JACOB-RYAN VEGETATION MANAGEMENT PROJECT,MONARCH BUTTERFLY HABITAT RESTORATION, ,MBHR,CT,6,ACRES,5.856,3978205010602,1197193010602,A000000083,030703A000000083148,148,WILDHORSE REOFFER GRP SEL PU 1,5928361010602,33859,3,Accomplished,2019-09-27T19:48:52.000Z,2,GPS – Uncorrected Data,,0307_28658_ACTP,5489,Coconino,2.3908311664185e-06,0.0188674461948967
7100,"Pollinator habitat improved, restored or maintained",N/A,XXXX,3,,ACRES,2019-09-30T00:00:00.000Z,,,2019,,,030703,03,07,03,030703,Kaibab National Forest,North Kaibab Ranger District,0307,FS,USDA FOREST SERVICE,AZ,,,,,200,Mechanical,455,Feller Buncher,,32654,(PALS)DN & FONSI JACOB-RYAN VEGETATION MANAGEMENT PROJECT,MONARCH BUTTERFLY HABITAT RESTORATION, ,MBHR,CT,3,ACRES,2.556,3978205010602,1197202010602,A000000083,030703A000000083150,150,WILDHORSE REOFFER GRP SEL PU 3,5928578010602,33859,3,Accomplished,2019-09-27T19:48:51.000Z,2,GPS – Uncorrected Data,,0307_28632_ACTP,5491,Coconino,1.043327427329e-06,0.0061702124052381
7100,"Pollinator habitat improved, restored or maintained",N/A,XXXX,9,,ACRES,2019-09-30T00:00:00.000Z,,,2019,,,030703,03,07,03,030703,Kaibab National Forest,North Kaibab Ranger District,0307,FS,USDA FOREST SERVICE,AZ,,,,,200,Mechanical,455,Feller Buncher,,32654,(PALS)DN & FONSI JACOB-RYAN VEGETATION MANAGEMENT PROJECT,MONARCH BUTTERFLY HABITAT RESTORATION, ,MBHR,CT,9,ACRES,9.445,3978205010602,1197203010602,A000000083,030703A000000083151,151,WILDHORSE REOFFER GRP SEL PU 4,5928588010602,33859,3,Accomplished,2019-09-27T19:48:51.000Z,2,GPS – Uncorrected Data,,0307_28633_ACTP,5492,Coconino,3.857258001016e-06,0.0246879986372781
7100,"Pollinator habitat improved, restored or maintained",N/A,XXXX,8,,ACRES,2019-09-30T00:00:00.000Z,,,2019,,,030703,03,07,03,030703,Kaibab National Forest,North Kaibab Ranger District,0307,FS,USDA FOREST SERVICE,AZ,,,,,200,Mechanical,455,Feller Buncher,,32654,(PALS)DN & FONSI JACOB-RYAN VEGETATION MANAGEMENT PROJECT,MONARCH BUTTERFLY HABITAT RESTORATION, ,MBHR,CT,8,ACRES,8.217,3978205010602,1197201010602,A000000083,030703A000000083149,149,WILDHORSE REOFFER GRP SEL PU 2,5928541010602,33859,3,Accomplished,2019-09-27T19:48:51.000Z,2,GPS – Uncorrected Data,,0307_28631_ACTP,5490,Coconino,3.355171583956e-06,0.0203394617315897
7100,"Pollinator habitat improved, restored or maintained",N/A,XXXX,3,,ACRES,2019-09-30T00:00:00.000Z,,,2019,,,030703,03,07,03,030703,Kaibab National Forest,North Kaibab Ranger District,0307,FS,USDA FOREST SERVICE,AZ,,,,,200,Mechanical,455,Feller Buncher,,32654,(PALS)DN & FONSI JACOB-RYAN VEGETATION MANAGEMENT PROJECT,MONARCH BUTTERFLY HABITAT RESTORATION, ,MBHR,CT,3,ACRES,3.328,3978205010602,1197204010602,A000000083,030703A000000083152,152,WILDHORSE REOFFER GRP SEL PU 5,5928621010602,33859,3,Accomplished,2019-09-27T19:48:51.000Z,2,GPS – Uncorrected Data,,0307_28634_ACTP,5493,Coconino,1.35886177995e-06,0.00891698580779553
7100,"Pollinator habitat improved, restored or maintained",N/A,XXXX,2,,ACRES,2019-09-30T00:00:00.000Z,,,2019,,,030703,03,07,03,030703,Kaibab National Forest,North Kaibab Ranger District,0307,FS,USDA FOREST SERVICE,AZ,,,,,200,Mechanical,455,Feller Buncher,,32654,(PALS)DN & FONSI JACOB-RYAN VEGETATION MANAGEMENT PROJECT,MONARCH BUTTERFLY HABITAT RESTORATION, ,MBHR,CT,2,ACRES,2.248,3978205010602,1197205010602,A000000083,030703A000000083153,153,WILDHORSE REOFFER GRP SEL PU 6,5928637010602,33859,3,Accomplished,2019-09-27T19:48:52.000Z,2,GPS – Uncorrected Data,,0307_28659_ACTP,5494,Coconino,9.17784263909e-07,0.00782304167379166
7100,"Pollinator habitat improved, restored or maintained",N/A,XXXX,164,,ACRES,2019-09-30T00:00:00.000Z,,,2019,,,030703,03,07,03,030703,Kaibab National Forest,North Kaibab Ranger District,0307,FS,USDA FOREST SERVICE,AZ,,,,,200,Mechanical,455,Feller Buncher,,32654,(PALS)DN & FONSI JACOB-RYAN VEGETATION MANAGEMENT PROJECT,MONARCH BUTTERFLY HABITAT RESTORATION, ,MBHR,CT,164,ACRES,164.515,3978205010602,1197206010602,A000000083,030703A000000083154,154,WILDHORSE REOFFER TENDING PU 1,5928692010602,33859,3,Accomplished,2019-09-27T19:48:52.000Z,2,GPS – Uncorrected Data,,0307_28657_ACTP,5495,Coconino,6.7163354970017e-05,0.0954241120546523
7100,"Pollinator habitat improved, restored or maintained",N/A,XXXX,143,,ACRES,2019-09-30T00:00:00.000Z,,,2019,,,030703,03,07,03,030703,Kaibab National Forest,North Kaibab Ranger District,0307,FS,USDA FOREST SERVICE,AZ,,,,,200,Mechanical,455,Feller Buncher,,32654,(PALS)DN & FONSI JACOB-RYAN VEGETATION MANAGEMENT PROJECT,MONARCH BUTTERFLY HABITAT RESTORATION, ,MBHR,CT,143,ACRES,143.745,3978205010602,1197207010602,A000000083,030703A000000083155,155,WILDHORSE REOFFER TENDING PU 2,5928759010602,33859,3,Accomplished,2019-09-27T19:48:51.000Z,2,GPS – Uncorrected Data,,0307_28635_ACTP,5496,Coconino,5.8697281273285e-05,0.0715123037104651
7100,"Pollinator habitat improved, restored or maintained",N/A,XXXX,26,,ACRES,2019-09-30T00:00:00.000Z,,,2019,,,030703,03,07,03,030703,Kaibab National Forest,North Kaibab Ranger District,0307,FS,USDA FOREST SERVICE,AZ,,,,,200,Mechanical,455,Feller Buncher,,32654,(PALS)DN & FONSI JACOB-RYAN VEGETATION MANAGEMENT PROJECT,MONARCH BUTTERFLY HABITAT RESTORATION, ,MBHR,CT,26,ACRES,26.211,3978205010602,1197208010602,A000000083,030703A000000083156,156,WILDHORSE REOFFER TENDING PU 3,5929358010602,33859,3,Accomplished,2019-09-27T19:48:51.000Z,2,GPS – Uncorrected Data,,0307_28636_ACTP,5497,Coconino,1.0699336582964e-05,0.0278601070031536
7100,"Pollinator habitat improved, restored or maintained",N/A,XXXX,148,,ACRES,2019-09-30T00:00:00.000Z,,,2019,,,030703,03,07,03,030703,Kaibab National Forest,North Kaibab Ranger District,0307,FS,USDA FOREST SERVICE,AZ,,,,,200,Mechanical,455,Feller Buncher,,32654,(PALS)DN & FONSI JACOB-RYAN VEGETATION MANAGEMENT PROJECT,MONARCH BUTTERFLY HABITAT RESTORATION, ,MBHR,CT,148,ACRES,147.887,3978205010602,1197210010602,A000000083,030703A000000083157,157,WILDHORSE REOFFER TENDING PU 4,5929510010602,33859,3,Accomplished,2019-09-27T19:48:51.000Z,2,GPS – Uncorrected Data,,0307_28637_ACTP,5498,Coconino,6.03943698141675e-05,0.0772984334062218
7100,"Pollinator habitat improved, restored or maintained",N/A,XXXX,101,,ACRES,2019-09-30T00:00:00.000Z,,,2019,,,030703,03,07,03,030703,Kaibab National Forest,North Kaibab Ranger District,0307,FS,USDA FOREST SERVICE,AZ,,,,,200,Mechanical,455,Feller Buncher,,32654,(PALS)DN & FONSI JACOB-RYAN VEGETATION MANAGEMENT PROJECT,MONARCH BUTTERFLY HABITAT RESTORATION, ,MBHR,CT,101,ACRES,99.973,3978205010602,1197211010602,A000000083,030703A000000083158,158,WILDHORSE REOFFER TENDING PU 5,5929546010602,33859,3,Accomplished,2019-09-27T19:48:51.000Z,2,GPS – Uncorrected Data,,0307_28638_ACTP,5499,Coconino,4.08202179558935e-05,0.0503169681771371
7100,"Pollinator habitat improved, restored or maintained",N/A,XXXX,145,,ACRES,2019-09-30T00:00:00.000Z,,,2019,,,030703,03,07,03,030703,Kaibab National Forest,North Kaibab Ranger District,0307,FS,USDA FOREST SERVICE,AZ,,,,,200,Mechanical,455,Feller Buncher,,32654,(PALS)DN & FONSI JACOB-RYAN VEGETATION MANAGEMENT PROJECT,MONARCH BUTTERFLY HABITAT RESTORATION, ,MBHR,CT,145,ACRES,145.507,3978205010602,1197212010602,A000000083,030703A000000083159,159,WILDHORSE REOFFER TENDING PU 6,5929552010602,33859,3,Accomplished,2019-09-27T19:48:52.000Z,2,GPS – Uncorrected Data,,0307_28660_ACTP,5500,Coconino,5.9410537641795e-05,0.0590514466387141
7100,"Pollinator habitat improved, restored or maintained",N/A,XXXX,5,,ACRES,2019-09-30T00:00:00.000Z,,,2019,,,030703,03,07,03,030703,Kaibab National Forest,North Kaibab Ranger District,0307,FS,USDA FOREST SERVICE,AZ,,,,,200,Mechanical,455,Feller Buncher,,32654,(PALS)DN & FONSI JACOB-RYAN VEGETATION MANAGEMENT PROJECT,MONARCH BUTTERFLY HABITAT RESTORATION, ,MBHR,CT,5,ACRES,5.242,3978205010602,1197213010602,A000000083,030703A000000083160,160,BASIN REOFFER PAYUNIT 1 GRP SELECT REGEN HARV.,5929562010602,33859,3,Accomplished,2019-09-27T19:48:52.000Z,2,GPS – Uncorrected Data,,0307_28648_ACTP,5501,Coconino,2.1409834691885e-06,0.0137306255224028
7100,"Pollinator habitat improved, restored or maintained",N/A,XXXX,9,,ACRES,2019-09-30T00:00:00.000Z,,,2019,,,030703,03,07,03,030703,Kaibab National Forest,North Kaibab Ranger District,0307,FS,USDA FOREST SERVICE,AZ,,,,,200,Mechanical,455,Feller Buncher,,32654,(PALS)DN & FONSI JACOB-RYAN VEGETATION MANAGEMENT PROJECT,MONARCH BUTTERFLY HABITAT RESTORATION, ,MBHR,CT,9,ACRES,8.968,3978205010602,1197214010602,A000000083,030703A000000083161,161,BASIN REOFFER PAYUNIT 2 GRP SELECT REGEN HARV.,5929574010602,33859,3,Accomplished,2019-09-27T19:48:52.000Z,2,GPS – Uncorrected Data,,0307_28650_ACTP,5502,Coconino,3.6627819739905e-06,0.023493843685506
7100,"Pollinator habitat improved, restored or maintained",N/A,XXXX,5,,ACRES,2019-09-30T00:00:00.000Z,,,2019,,,030703,03,07,03,030703,Kaibab National Forest,North Kaibab Ranger District,0307,FS,USDA FOREST SERVICE,AZ,,,,,200,Mechanical,455,Feller Buncher,,32654,(PALS)DN & FONSI JACOB-RYAN VEGETATION MANAGEMENT PROJECT,MONARCH BUTTERFLY HABITAT RESTORATION, ,MBHR,CT,5,ACRES,5.075,3978205010602,1197216010602,A000000083,030703A000000083163,163,BASIN REOFFER PAYUNIT 5 GRP SELECT REGEN HARV.,5929617010602,33859,3,Accomplished,2019-09-27T19:48:52.000Z,2,GPS – Uncorrected Data,,0307_28656_ACTP,5504,Coconino,2.072926110145e-06,0.0172275356343798
7100,"Pollinator habitat improved, restored or maintained",N/A,XXXX,11,,ACRES,2019-09-30T00:00:00.000Z,,,2019,,,030703,03,07,03,030703,Kaibab National Forest,North Kaibab Ranger District,0307,FS,USDA FOREST SERVICE,AZ,,,,,200,Mechanical,455,Feller Buncher,,32654,(PALS)DN & FONSI JACOB-RYAN VEGETATION MANAGEMENT PROJECT,MONARCH BUTTERFLY HABITAT RESTORATION, ,MBHR,CT,11,ACRES,11.117,3978205010602,1197215010602,A000000083,030703A000000083162,162,BASIN REOFFER PAYUNIT 3 GRP SELECT REGEN HARV.,5929588010602,33859,3,Accomplished,2019-09-27T19:48:52.000Z,2,GPS – Uncorrected Data,,0307_28652_ACTP,5503,Coconino,4.5400636460565e-06,0.0304090211467262
7100,"Pollinator habitat improved, restored or maintained",N/A,XXXX,58,,ACRES,2019-09-30T00:00:00.000Z,,,2019,,,030703,03,07,03,030703,Kaibab National Forest,North Kaibab Ranger District,0307,FS,USDA FOREST SERVICE,AZ,,,,,200,Mechanical,455,Feller Buncher,,32654,(PALS)DN & FONSI JACOB-RYAN VEGETATION MANAGEMENT PROJECT,MONARCH BUTTERFLY HABITAT RESTORATION, ,MBHR,CT,58,ACRES,57.685,3978205010602,1197217010602,A000000083,030703A000000083164,164,BASIN REOFFER PAYUNIT 1 TENDING ,5929644010602,33859,3,Accomplished,2019-09-27T19:48:52.000Z,2,GPS – Uncorrected Data,,0307_28649_ACTP,5505,Coconino,2.35622922682035e-05,0.0432600502636956
7100,"Pollinator habitat improved, restored or maintained",N/A,XXXX,104,,ACRES,2019-09-30T00:00:00.000Z,,,2019,,,030703,03,07,03,030703,Kaibab National Forest,North Kaibab Ranger District,0307,FS,USDA FOREST SERVICE,AZ,,,,,200,Mechanical,455,Feller Buncher,,32654,(PALS)DN & FONSI JACOB-RYAN VEGETATION MANAGEMENT PROJECT,MONARCH BUTTERFLY HABITAT RESTORATION, ,MBHR,CT,104,ACRES,104.081,3978205010602,1197218010602,A000000083,030703A000000083165,165,BASIN REOFFER PAYUNIT 2 TENDING ,5929653010602,33859,3,Accomplished,2019-09-27T19:48:52.000Z,2,GPS – Uncorrected Data,,0307_28651_ACTP,5506,Coconino,4.2511063408148e-05,0.0734492190786261
7100,"Pollinator habitat improved, restored or maintained",N/A,XXXX,107,107,ACRES,2018-09-25T00:00:00.000Z,2018-09-25T00:00:00.000Z,2019-06-18T00:00:00.000Z,2018,2018,2019,030703,03,07,03,030703,Kaibab National Forest,North Kaibab Ranger District,0307,FS,USDA FOREST SERVICE,AZ,,,,,420,Tractor Logging,455,Feller Buncher,,32654,(PALS)DN & FONSI JACOB-RYAN VEGETATION MANAGEMENT PROJECT,MONARCH BUTTERFLY HABITAT RESTORATION, ,MBHR,CT,107,ACRES,106.816,3978205010602,1160740010602,A000000083,030703A000000083117,117,ORDER EAST PAYUNIT 1 TENDING,5753296010602,33859,3,Accomplished,2018-10-31T15:22:49.000Z,2,GPS – Uncorrected Data,,0307_28014_ACTP,5480,Coconino,4.3611519110332e-05,0.0556019736018592
7100,"Pollinator habitat improved, restored or maintained",N/A,XXXX,149,149,ACRES,2018-09-25T00:00:00.000Z,2018-09-25T00:00:00.000Z,,2018,2018,,030703,03,07,03,030703,Kaibab National Forest,North Kaibab Ranger District,0307,FS,USDA FOREST SERVICE,AZ,,,,,420,Tractor Logging,455,Feller Buncher,,32654,(PALS)DN & FONSI JACOB-RYAN VEGETATION MANAGEMENT PROJECT,MONARCH BUTTERFLY HABITAT RESTORATION, ,MBHR,CT,149,ACRES,149.352,3978205010602,1160741010602,A000000083,030703A000000083118,118,ORDER EAST PAYUNIT 2 TENDING,5753313010602,33859,3,Accomplished,2018-10-31T15:22:49.000Z,2,GPS – Uncorrected Data,,0307_28015_ACTP,5481,Coconino,6.0980971653572e-05,0.0766579921765044
7100,"Pollinator habitat improved, restored or maintained",N/A,XXXX,12,12,ACRES,2018-09-25T00:00:00.000Z,2018-09-25T00:00:00.000Z,,2018,2018,,030703,03,07,03,030703,Kaibab National Forest,North Kaibab Ranger District,0307,FS,USDA FOREST SERVICE,AZ,,,,,420,Tractor Logging,455,Feller Buncher,,32654,(PALS)DN & FONSI JACOB-RYAN VEGETATION MANAGEMENT PROJECT,MONARCH BUTTERFLY HABITAT RESTORATION, ,MBHR,CT,12,ACRES,11.511,3978205010602,1160742010602,A000000083,030703A000000083119,119,ORDER EAST PAYUNIT 2 GRP SELECT REGEN HARV.,5755118010602,33859,3,Accomplished,2018-10-31T15:22:49.000Z,2,GPS – Uncorrected Data,,0307_28016_ACTP,5482,Coconino,4.7001745403035e-06,0.033978491202507
7100,"Pollinator habitat improved, restored or maintained",N/A,NFXF,1,1,ACRES,2019-04-15T00:00:00.000Z,2019-08-21T00:00:00.000Z,2019-08-21T00:00:00.000Z,2019,2019,2019,090704,09,07,04,090704,Ottawa National Forest,Kenton Ranger District,0907,FS,USDA FOREST SERVICE,MI,,,,,100,Manual,113,Hand Tool,1950,54443,(PALS)WILDLIFE HABITAT IMPROVEMENT PROJECT,"GREAT LAKES RESTORATION INITIATIVE,MONARCH BUTTERFLY HABITAT IMPROVEMENTS"," , ","GLRI,MBHR",FA,1,ACRES,0.892,6202311010602,1203740010602,NPP2019004,090704NPP2019004005,005,EMMANUEL WEST POLL PLTG,5955308010602,50772,3,Accomplished,2019-10-18T17:10:41.000Z,,,,0907_90724_ACTP,5527,Ontonagon,4.232181839855e-07,0.00298335260327685
7031,Planting propagules and cuttings,N/A,NFXF,1,1,ACRES,2019-04-15T00:00:00.000Z,2019-08-21T00:00:00.000Z,2019-08-21T00:00:00.000Z,2019,2019,2019,090704,09,07,04,090704,Ottawa National Forest,Kenton Ranger District,0907,FS,USDA FOREST SERVICE,MI,,,,,100,Manual,113,Hand Tool,1950,54443,(PALS)WILDLIFE HABITAT IMPROVEMENT PROJECT,"GREAT LAKES RESTORATION INITIATIVE,MONARCH BUTTERFLY HABITAT IMPROVEMENTS"," , ","GLRI,MBHR",FA,1,ACRES,0.892,6202311010602,1203740010602,NPP2019004,090704NPP2019004005,005,EMMANUEL WEST POLL PLTG,5955291010602,50772,3,Accomplished,2019-10-18T17:10:41.000Z,,,,0907_90724_ACTP,5528,Ontonagon,4.232181839855e-07,0.00298335260327685
7031,Planting propagules and cuttings,N/A,"NFND,NFVW,OFED",3,3,ACRES,2016-08-01T00:00:00.000Z,2016-10-03T00:00:00.000Z,2016-10-03T00:00:00.000Z,2016,2017,2017,090706,09,07,06,090706,Ottawa National Forest,Watersmeet Ranger District,0907,FS,USDA FOREST SERVICE,MI,,,,,100,Manual,121,Shovel,249,42830,(PALS)OPENINGS MAINTENANCE PROJECT,MONARCH BUTTERFLY HABITAT IMPROVEMENTS, ,MBHR,FA,3,ACRES,4.067,5612244010602,1057929010602,NPP2016006,090706NPP2016006004,004,SOUTH BOND HWT MEADOW POLL HAB,5274930010602,40658,3,Accomplished,2016-10-27T20:29:25.000Z,20,Digitized Other,,0907_76916_ACTP,5529,Ontonagon,1.9239062626215e-06,0.00654312443411516
7100,"Pollinator habitat improved, restored or maintained",N/A,"NFND,NFVW,OFED",3,3,ACRES,2016-08-01T00:00:00.000Z,2016-10-03T00:00:00.000Z,2016-10-03T00:00:00.000Z,2016,2017,2017,090706,09,07,06,090706,Ottawa National Forest,Watersmeet Ranger District,0907,FS,USDA FOREST SERVICE,MI,,,,,100,Manual,121,Shovel,0,42830,(PALS)OPENINGS MAINTENANCE PROJECT,MONARCH BUTTERFLY HABITAT IMPROVEMENTS, ,MBHR,FA,3,ACRES,4.067,5612244010602,1057929010602,NPP2016006,090706NPP2016006004,004,SOUTH BOND HWT MEADOW POLL HAB,5274975010602,40658,3,Accomplished,2016-10-27T20:29:25.000Z,20,Digitized Other,,0907_76916_ACTP,5530,Ontonagon,1.9239062626215e-06,0.00654312443411516
7100,"Pollinator habitat improved, restored or maintained",N/A,NFXF,1,1,ACRES,2019-04-15T00:00:00.000Z,2019-08-20T00:00:00.000Z,2019-08-20T00:00:00.000Z,2019,2019,2019,090706,09,07,06,090706,Ottawa National Forest,Watersmeet Ranger District,0907,FS,USDA FOREST SERVICE,MI,,,,,100,Manual,113,Hand Tool,1401,54443,(PALS)WILDLIFE HABITAT IMPROVEMENT PROJECT,"GREAT LAKES RESTORATION INITIATIVE,MONARCH BUTTERFLY HABITAT IMPROVEMENTS"," , ","GLRI,MBHR",FA,1,ACRES,0.037,6212089010602,1206334010602,NPP2019006,090706NPP2019006008,008,FR3967 POLL PLANTING,5963263010602,50772,3,Accomplished,2019-10-18T17:00:27.000Z,,,,0907_90722_ACTP,5531,Gogebic,1.7383367976e-08,0.000562916936819368
7031,Planting propagules and cuttings,N/A,NFXF,1,1,ACRES,2019-04-15T00:00:00.000Z,2019-08-20T00:00:00.000Z,2019-08-20T00:00:00.000Z,2019,2019,2019,090706,09,07,06,090706,Ottawa National Forest,Watersmeet Ranger District,0907,FS,USDA FOREST SERVICE,MI,,,,,100,Manual,113,Hand Tool,1401,54443,(PALS)WILDLIFE HABITAT IMPROVEMENT PROJECT,"GREAT LAKES RESTORATION INITIATIVE,MONARCH BUTTERFLY HABITAT IMPROVEMENTS"," , ","GLRI,MBHR",FA,1,ACRES,0.037,6212089010602,1206334010602,NPP2019006,090706NPP2019006008,008,FR3967 POLL PLANTING,5963245010602,50772,3,Accomplished,2019-10-18T17:00:27.000Z,,,,0907_90722_ACTP,5532,Gogebic,1.7383367976e-08,0.000562916936819368
7100,"Pollinator habitat improved, restored or maintained",N/A,NFVW,3,3,ACRES,2017-05-05T00:00:00.000Z,2017-06-20T00:00:00.000Z,2017-06-20T00:00:00.000Z,2017,2017,2017,090901,09,09,01,090901,Superior National Forest,Laurentian Ranger District,0909,FS,USDA FOREST SERVICE,MN,,,,,100,Manual,118,Rake,200,28862,(PALS)TRACKS PROJECT RECORD OF DECISION,MONARCH BUTTERFLY HABITAT IMPROVEMENTS, ,MBHR,,38,ACRES,38.37,3439676010602,826040010602,0000036015,0909010000036015000,000,STONE LAKE PU 80 COPP,5489261010602,30932,3,Accomplished,,,,,0909_7163_ACTP,5533,St. Louis,1.8540907112941e-05,0.0353549836651476
7100,"Pollinator habitat improved, restored or maintained",N/A,NFVW,5,5,ACRES,2017-05-05T00:00:00.000Z,2017-06-20T00:00:00.000Z,2017-06-20T00:00:00.000Z,2017,2017,2017,090901,09,09,01,090901,Superior National Forest,Laurentian Ranger District,0909,FS,USDA FOREST SERVICE,MN,,,,,100,Manual,118,Rake,200,37817,(PALS)SKIBO PROJECT DECISION NOTICE AND FINDING OF NO SIGNIFICANT IMPACT,MONARCH BUTTERFLY HABITAT IMPROVEMENTS, ,MBHR,,59,ACRES,59.059,4381097010602,938371010602,0000044018,0909010000044018000,000,KICK OFF PU 2 COPP,5489236010602,38987,3,Accomplished,2015-01-26T00:00:00.000Z,,,,0909_59518_ACTP,5534,St. Louis,2.8529110144981e-05,0.0431221323539617
7100,"Pollinator habitat improved, restored or maintained",N/A,NFRW,4,4,ACRES,2019-05-01T00:00:00.000Z,2019-07-08T00:00:00.000Z,2019-07-08T00:00:00.000Z,2019,2019,2019,090901,09,09,01,090901,Superior National Forest,Laurentian Ranger District,0909,FS,USDA FOREST SERVICE,MN,,,,,100,Manual,118,Rake,200,37817,(PALS)SKIBO PROJECT DECISION NOTICE AND FINDING OF NO SIGNIFICANT IMPACT,MONARCH BUTTERFLY HABITAT IMPROVEMENTS, ,MBHR,,13,ACRES,13.036,5938565010602,1136252010602,0000095041,0909010000095041000,000,PIT PU 1 COPPICE,5970392010602,38987,3,Accomplished,2018-08-20T14:48:08.000Z,,,,0909_107836_ACTP,5535,St. Louis,6.2831787544735e-06,0.0190749848264183
7100,"Pollinator habitat improved, restored or maintained",N/A,NFVW,45,45,ACRES,2016-05-05T00:00:00.000Z,2016-08-10T00:00:00.000Z,2016-08-10T00:00:00.000Z,2016,2016,2016,090905,09,09,05,090905,Superior National Forest,Kawishiwi Ranger District,0909,FS,USDA FOREST SERVICE,MN,,,,,100,Manual,100,Hand Work,200,32691,(PALS)BIRCH PROJECT DECISION NOTICE AND FINDING OF NO SIGNIFICANT IMPACT,MONARCH BUTTERFLY HABITAT IMPROVEMENTS, ,MBHR,,45,ACRES,45.289,3602900010602,841686010602,0000060036,0909050000060036000,000,JOHNSON PU 2 CCR PLANT,5261304010602,33327,3,Accomplished,2013-09-06T00:00:00.000Z,,,,0909_21763_ACTP,5546,St. Louis,2.2018851521456e-05,0.0394714118376394
7100,"Pollinator habitat improved, restored or maintained",N/A,NFWF,1,1,ACRES,2017-05-05T00:00:00.000Z,2017-07-12T00:00:00.000Z,2017-07-12T00:00:00.000Z,2017,2017,2017,090905,09,09,05,090905,Superior National Forest,Kawishiwi Ranger District,0909,FS,USDA FOREST SERVICE,MN,,,,,100,Manual,118,Rake,200,32691,(PALS)BIRCH PROJECT DECISION NOTICE AND FINDING OF NO SIGNIFICANT IMPACT,MONARCH BUTTERFLY HABITAT IMPROVEMENTS, ,MBHR,,69,ACRES,33.035,4934678010602,1010730010602,0000068011,0909050000068011000,000,KANGAS TASKORDER MFR27/BR27,5482259010602,33327,3,Accomplished,2015-10-15T15:38:19.000Z,,,,0909_74245_ACTP,5547,Lake,1.6053392494426e-05,0.0324426614737015
7100,"Pollinator habitat improved, restored or maintained",N/A,NFWF,2,2,ACRES,2017-05-05T00:00:00.000Z,2017-07-12T00:00:00.000Z,2017-07-12T00:00:00.000Z,2017,2017,2017,090905,09,09,05,090905,Superior National Forest,Kawishiwi Ranger District,0909,FS,USDA FOREST SERVICE,MN,,,,,100,Manual,118,Rake,200,32691,(PALS)BIRCH PROJECT DECISION NOTICE AND FINDING OF NO SIGNIFICANT IMPACT,MONARCH BUTTERFLY HABITAT IMPROVEMENTS, ,MBHR,FA,33,ACRES,20.073,3602831010602,841666010602,0000069009,0909050000069009000,000,KANGAS TASKORDER MFR 8 CC SEED,5482190010602,33327,3,Accomplished,2015-10-13T19:54:35.000Z,,,,0909_73928_ACTP,5548,Lake,9.749151140449e-06,0.0147912379976909
7100,"Pollinator habitat improved, restored or maintained",N/A,NFWF,2,2,ACRES,2017-05-05T00:00:00.000Z,2017-07-12T00:00:00.000Z,2017-07-12T00:00:00.000Z,2017,2017,2017,090905,09,09,05,090905,Superior National Forest,Kawishiwi Ranger District,0909,FS,USDA FOREST SERVICE,MN,,,,,100,Manual,118,Rake,200,19535,(PALS)GLACIER PROJECT,MONARCH BUTTERFLY HABITAT IMPROVEMENTS, ,MBHR,,10,ACRES,10.499,AU322197010602,507339010602,0000074012,0909050000074012000,000,CAUSE Y PU 14 IMP,5482778010602,23162,3,Accomplished,,,,,0909_6950_ACTP,5549,Lake,5.100108191431e-06,0.0225434355235159
7100,"Pollinator habitat improved, restored or maintained",N/A,NFWF,4,4,ACRES,2018-05-04T00:00:00.000Z,2018-07-16T00:00:00.000Z,2018-07-16T00:00:00.000Z,2018,2018,2018,090905,09,09,05,090905,Superior National Forest,Kawishiwi Ranger District,0909,FS,USDA FOREST SERVICE,MN,,,,,100,Manual,118,Rake,200,19535,(PALS)GLACIER PROJECT,MONARCH BUTTERFLY HABITAT IMPROVEMENTS, ,MBHR,,14,ACRES,14.291,AU322198010602,507340010602,0000074021,0909050000074021000,000,CAUSE Y PU 12 CC,5751378010602,23162,3,Accomplished,,,,,0909_6938_ACTP,5550,Lake,6.941857633369e-06,0.0233661094033049
7100,"Pollinator habitat improved, restored or maintained",N/A,NFWF,2,2,ACRES,2017-05-05T00:00:00.000Z,2017-07-12T00:00:00.000Z,2017-07-12T00:00:00.000Z,2017,2017,2017,090905,09,09,05,090905,Superior National Forest,Kawishiwi Ranger District,0909,FS,USDA FOREST SERVICE,MN,,,,,100,Manual,118,Rake,200,19535,(PALS)GLACIER PROJECT,MONARCH BUTTERFLY HABITAT IMPROVEMENTS, ,MBHR,,14,ACRES,14.291,AU322198010602,507340010602,0000074021,0909050000074021000,000,CAUSE Y PU 12 CC,5482737010602,23162,3,Accomplished,,,,,0909_6938_ACTP,5551,Lake,6.941857633369e-06,0.0233661094033049
7100,"Pollinator habitat improved, restored or maintained",N/A,NFWF,7,7,ACRES,2018-05-04T00:00:00.000Z,2018-07-16T00:00:00.000Z,2018-07-16T00:00:00.000Z,2018,2018,2018,090905,09,09,05,090905,Superior National Forest,Kawishiwi Ranger District,0909,FS,USDA FOREST SERVICE,MN,,,,,100,Manual,118,Rake,200,19535,(PALS)GLACIER PROJECT,MONARCH BUTTERFLY HABITAT IMPROVEMENTS, ,MBHR,,24,ACRES,23.705,AU322186010602,507328010602,0000074036,0909050000074036000,000,CAUSE Y PU 10 COP,5750073010602,23162,3,Accomplished,,,,,0909_6948_ACTP,5552,Lake,1.1512135301642e-05,0.0264886092959088
7100,"Pollinator habitat improved, restored or maintained",N/A,NFWF,4,4,ACRES,2018-10-01T00:00:00.000Z,2018-10-04T00:00:00.000Z,2018-10-04T00:00:00.000Z,2019,2019,2019,090905,09,09,05,090905,Superior National Forest,Kawishiwi Ranger District,0909,FS,USDA FOREST SERVICE,MN,,,,,100,Manual,118,Rake,200,19535,(PALS)GLACIER PROJECT,MONARCH BUTTERFLY HABITAT IMPROVEMENTS, ,MBHR,,31,ACRES,31.22,AU321733010602,743703010602,0000075030,0909050000075030001,001,WONDER Y PU 4 CCR,5751486010602,23162,3,Accomplished,,,,,0909_7125_ACTP,5553,Lake,1.51660797735525e-05,0.028647107794373
7100,"Pollinator habitat improved, restored or maintained",N/A,NFWF,5,5,ACRES,2018-05-04T00:00:00.000Z,2018-07-16T00:00:00.000Z,2018-07-16T00:00:00.000Z,2018,2018,2018,090905,09,09,05,090905,Superior National Forest,Kawishiwi Ranger District,0909,FS,USDA FOREST SERVICE,MN,,,,,100,Manual,118,Rake,200,19535,(PALS)GLACIER PROJECT,MONARCH BUTTERFLY HABITAT IMPROVEMENTS, ,MBHR,,10,ACRES,9.744,AU321411010602,743715010602,0000075070,0909050000075070001,001,WONDER Y PU 1N IMP,5751480010602,23162,3,Accomplished,,,,,0909_7120_ACTP,5554,Lake,4.7348425920295e-06,0.0169079830116945
7100,"Pollinator habitat improved, restored or maintained",N/A,NFWF,4,4,ACRES,2018-05-04T00:00:00.000Z,2018-07-16T00:00:00.000Z,2018-07-16T00:00:00.000Z,2018,2018,2018,090905,09,09,05,090905,Superior National Forest,Kawishiwi Ranger District,0909,FS,USDA FOREST SERVICE,MN,,,,,100,Manual,118,Rake,200,19535,(PALS)GLACIER PROJECT,MONARCH BUTTERFLY HABITAT IMPROVEMENTS, ,MBHR,,11,ACRES,10.642,2926546010602,743718010602,0000075074,0909050000075074001,001,WONDER Y PU 1S IMP,5751482010602,23162,3,Accomplished,,,,,0909_7121_ACTP,5555,Lake,5.1706903700125e-06,0.0151304469680045
7100,"Pollinator habitat improved, restored or maintained",N/A,NFWF,3,3,ACRES,2018-05-04T00:00:00.000Z,2018-07-17T00:00:00.000Z,2018-07-17T00:00:00.000Z,2018,2018,2018,090905,09,09,05,090905,Superior National Forest,Kawishiwi Ranger District,0909,FS,USDA FOREST SERVICE,MN,,,,,100,Manual,118,Rake,200,19535,(PALS)GLACIER PROJECT,MONARCH BUTTERFLY HABITAT IMPROVEMENTS, ,MBHR,,63,ACRES,62.992,AU322250010602,507392010602,0000078065,0909050000078065000,000,FILSON STEWARDSHIP PU 4 CCR,5751383010602,23162,3,Accomplished,,,,,0909_7210_ACTP,5556,Lake,3.0627211180622e-05,0.05855120744078
7100,"Pollinator habitat improved, restored or maintained",N/A,NFWF,3,3,ACRES,2018-05-04T00:00:00.000Z,2018-07-17T00:00:00.000Z,2018-07-17T00:00:00.000Z,2018,2018,2018,090905,09,09,05,090905,Superior National Forest,Kawishiwi Ranger District,0909,FS,USDA FOREST SERVICE,MN,,,,,100,Manual,118,Rake,200,19535,(PALS)GLACIER PROJECT,MONARCH BUTTERFLY HABITAT IMPROVEMENTS, ,MBHR,,34,ACRES,34.317,AU320598010602,503832010602,0000081039,0909050000081039000,000,FILSON STEWARDSHIP PU 17 COPPICE,5751385010602,23162,3,Accomplished,,,,,0909_7205_ACTP,5557,Lake,1.66733931584095e-05,0.0498266589969378
7100,"Pollinator habitat improved, restored or maintained",N/A,NFRW,6,6,ACRES,2019-05-01T00:00:00.000Z,2019-07-10T00:00:00.000Z,2019-07-10T00:00:00.000Z,2019,2019,2019,090905,09,09,05,090905,Superior National Forest,Kawishiwi Ranger District,0909,FS,USDA FOREST SERVICE,MN,,,,,100,Manual,118,Rake,200,40841,(PALS)PEARL PROJECT DECISION NOTICE,MONARCH BUTTERFLY HABITAT IMPROVEMENTS, ,MBHR,,20,ACRES,20.279,5646403010602,1062383010602,0000092027,0909050000092027000,000,GEM PU 15 CCR,5970566010602,42914,3,Accomplished,2017-02-01T21:41:59.000Z,,,,0909_94403_ACTP,5558,Lake,9.838430423484e-06,0.0154348412628201
7100,"Pollinator habitat improved, restored or maintained",N/A,NFRW,5,5,ACRES,2019-05-01T00:00:00.000Z,2019-09-17T00:00:00.000Z,2019-09-17T00:00:00.000Z,2019,2019,2019,090905,09,09,05,090905,Superior National Forest,Kawishiwi Ranger District,0909,FS,USDA FOREST SERVICE,MN,,,,,100,Manual,118,Rake,200,40841,(PALS)PEARL PROJECT DECISION NOTICE,MONARCH BUTTERFLY HABITAT IMPROVEMENTS, ,MBHR,,26,ACRES,25.623,5837030010602,1109001010602,0000092031,0909050000092031000,000,STARLING PU 4 COPP,5970542010602,42914,3,Accomplished,2018-03-29T15:21:52.000Z,,,,0909_106238_ACTP,5559,Lake,1.24330011610835e-05,0.0172508707273803
7100,"Pollinator habitat improved, restored or maintained",N/A,NFRW,4,4,ACRES,2019-05-01T00:00:00.000Z,2019-09-17T00:00:00.000Z,2019-09-17T00:00:00.000Z,2019,2019,2019,090905,09,09,05,090905,Superior National Forest,Kawishiwi Ranger District,0909,FS,USDA FOREST SERVICE,MN,,,,,100,Manual,118,Rake,200,40841,(PALS)PEARL PROJECT DECISION NOTICE,MONARCH BUTTERFLY HABITAT IMPROVEMENTS, ,MBHR,,25,ACRES,25.109,5837040010602,1109002010602,0000092032,0909050000092032000,000,STARLING PU 3 CCR,5970525010602,42914,3,Accomplished,2018-03-29T15:27:56.000Z,,,,0909_106243_ACTP,5560,Lake,1.21840350445055e-05,0.0279385258235589
7100,"Pollinator habitat improved, restored or maintained",N/A,NFRW,3,3,ACRES,2019-05-01T00:00:00.000Z,2019-07-10T00:00:00.000Z,2019-07-10T00:00:00.000Z,2019,2019,2019,090905,09,09,05,090905,Superior National Forest,Kawishiwi Ranger District,0909,FS,USDA FOREST SERVICE,MN,,,,,100,Manual,118,Rake,200,40841,(PALS)PEARL PROJECT DECISION NOTICE,MONARCH BUTTERFLY HABITAT IMPROVEMENTS, ,MBHR,,22,ACRES,22.28,5470226010602,1040484010602,0000100025,0909050000100025000,000,SERPENT PU 5 CCR SEED,5970590010602,42914,3,Accomplished,2017-09-11T20:31:04.000Z,,,,0909_99526_ACTP,5561,Lake,1.0811720149992e-05,0.0267212439497139
7100,"Pollinator habitat improved, restored or maintained",N/A,NFRW,2,2,ACRES,2019-05-01T00:00:00.000Z,2019-07-10T00:00:00.000Z,2019-07-10T00:00:00.000Z,2019,2019,2019,090905,09,09,05,090905,Superior National Forest,Kawishiwi Ranger District,0909,FS,USDA FOREST SERVICE,MN,,,,,100,Manual,118,Rake,200,40841,(PALS)PEARL PROJECT DECISION NOTICE,MONARCH BUTTERFLY HABITAT IMPROVEMENTS, ,MBHR,,15,ACRES,15.468,5470257010602,1040490010602,0000100055,0909050000100055000,000,SERPENT PU 8 CCR SEED,5970596010602,42914,3,Accomplished,2017-09-11T20:31:04.000Z,,,,0909_99528_ACTP,5562,Lake,7.5052468759795e-06,0.0141551639010237
7100,"Pollinator habitat improved, restored or maintained",N/A,NFWF,2,2,ACRES,2017-05-05T00:00:00.000Z,2017-07-12T00:00:00.000Z,2017-07-12T00:00:00.000Z,2017,2017,2017,090905,09,09,05,090905,Superior National Forest,Kawishiwi Ranger District,0909,FS,USDA FOREST SERVICE,MN,,,,,100,Manual,118,Rake,200,40841,(PALS)PEARL PROJECT DECISION NOTICE,MONARCH BUTTERFLY HABITAT IMPROVEMENTS, ,MBHR,,14,ACRES,14.147,5417954010602,1036445010602,0000123061,0909050000123061000,000,JACKPOT PU 4 COPP,5482843010602,42914,3,Accomplished,2016-10-13T20:03:54.000Z,,,,0909_89917_ACTP,5563,Lake,6.8583491561995e-06,0.011384028424356
7100,"Pollinator habitat improved, restored or maintained",N/A,NFWF,1,1,ACRES,2017-05-05T00:00:00.000Z,2017-07-12T00:00:00.000Z,2017-07-12T00:00:00.000Z,2017,2017,2017,090905,09,09,05,090905,Superior National Forest,Kawishiwi Ranger District,0909,FS,USDA FOREST SERVICE,MN,,,,,100,Manual,118,Rake,200,40841,(PALS)PEARL PROJECT DECISION NOTICE,MONARCH BUTTERFLY HABITAT IMPROVEMENTS, ,MBHR,,6,ACRES,5.449,5675663010602,1068722010602,0000124053,0909050000124053001,001,JACKPOT PU 5 COPP,5482810010602,42914,3,Accomplished,2017-10-25T15:48:10.000Z,,,,0909_101758_ACTP,5564,Lake,2.641704005144e-06,0.00889353983965397
7100,"Pollinator habitat improved, restored or maintained",N/A,NFWF,1,1,ACRES,2017-05-05T00:00:00.000Z,2017-07-13T00:00:00.000Z,2017-07-13T00:00:00.000Z,2017,2017,2017,090906,09,09,06,090906,Superior National Forest,LaCroix Ranger District,0909,FS,USDA FOREST SERVICE,MN,,,,,100,Manual,118,Rake,200,22957,(PALS)BORDER PROJECT,MONARCH BUTTERFLY HABITAT IMPROVEMENTS, ,MBHR,,8,ACRES,8.12,3730828010602,856501010602,0000032040,0909060000032040000,000,THE FALLS PU 12 CCR PLANT,5487375010602,26026,3,Accomplished,2014-04-03T20:31:37.000Z,,,,0909_34602_ACTP,5565,St. Louis,3.9807572211945e-06,0.0186904084153261
7100,"Pollinator habitat improved, restored or maintained",N/A,NFWF,2,2,ACRES,2017-05-05T00:00:00.000Z,2017-07-13T00:00:00.000Z,2017-07-13T00:00:00.000Z,2017,2017,2017,090906,09,09,06,090906,Superior National Forest,LaCroix Ranger District,0909,FS,USDA FOREST SERVICE,MN,,,,,100,Manual,118,Rake,200,22957,(PALS)BORDER PROJECT,MONARCH BUTTERFLY HABITAT IMPROVEMENTS, ,MBHR,,21,ACRES,21.027,3576870010602,839100010602,0000033068,0909060000033068000,000,MAR CREEK PU 7 CC PLT,5487404010602,26026,3,Accomplished,,,,,0909_7043_ACTP,5566,St. Louis,1.03077796568235e-05,0.0238713147191653
7100,"Pollinator habitat improved, restored or maintained",N/A,NFWF,3,3,ACRES,2017-05-05T00:00:00.000Z,2017-07-13T00:00:00.000Z,2017-07-13T00:00:00.000Z,2017,2017,2017,090906,09,09,06,090906,Superior National Forest,LaCroix Ranger District,0909,FS,USDA FOREST SERVICE,MN,,,,,100,Manual,118,Rake,200,22957,(PALS)BORDER PROJECT,MONARCH BUTTERFLY HABITAT IMPROVEMENTS, ,MBHR,,4,ACRES,4.399,3731682010602,856636010602,0000033101,0909060000033101000,000,THE FALLS PU 14 CCR PLANT,5487367010602,26026,3,Accomplished,2014-04-03T20:32:26.000Z,,,,0909_34604_ACTP,5567,St. Louis,2.1562926441655e-06,0.00837773204332403
7100,"Pollinator habitat improved, restored or maintained",N/A,NFWF,1,1,ACRES,2017-05-05T00:00:00.000Z,2017-07-13T00:00:00.000Z,2017-07-13T00:00:00.000Z,2017,2017,2017,090906,09,09,06,090906,Superior National Forest,LaCroix Ranger District,0909,FS,USDA FOREST SERVICE,MN,,,,,100,Manual,118,Rake,200,22957,(PALS)BORDER PROJECT,MONARCH BUTTERFLY HABITAT IMPROVEMENTS, ,MBHR,,5,ACRES,5.403,3731915010602,856699010602,0000033107,0909060000033107000,000,THE FALLS PU 15 CCR PLANT,5487354010602,26026,3,Accomplished,2014-04-03T20:32:52.000Z,,,,0909_34605_ACTP,5568,St. Louis,2.6488448975585e-06,0.0101560819413944
7100,"Pollinator habitat improved, restored or maintained",N/A,NFWF,3,3,ACRES,2017-05-05T00:00:00.000Z,2017-07-13T00:00:00.000Z,2017-07-13T00:00:00.000Z,2017,2017,2017,090906,09,09,06,090906,Superior National Forest,LaCroix Ranger District,0909,FS,USDA FOREST SERVICE,MN,,,,,100,Manual,118,Rake,200,22957,(PALS)BORDER PROJECT,MONARCH BUTTERFLY HABITAT IMPROVEMENTS, ,MBHR,,8,ACRES,8.399,3576889010602,839104010602,0000033153,0909060000033153000,000,MAR CREEK PU 9 GS,5487392010602,26026,3,Accomplished,,,,,0909_7040_ACTP,5569,St. Louis,4.117196335501e-06,0.0084270012715114
7050,Natural regeneration - prescribed fire,Broadcast Burn,NFVW,1,1,ACRES,2019-05-10T00:00:00.000Z,2019-05-10T00:00:00.000Z,2019-05-10T00:00:00.000Z,2019,2019,2019,091305,09,13,05,091305,Chequamegon-Nicolet National Forest,Washburn Ranger District,0902,FS,USDA FOREST SERVICE,WI,,,,,101,Fire,301,Helitorch,30,NOT REQD,NEPA NOT REQUIRED 2,MONARCH BUTTERFLY HABITAT IMPROVEMENTS, ,MBHR,,1,ACRES,0.173,6103813010602,1179528010602,WZADMIN002,091305WZADMIN002000,000,WASHBURN DISTRICT OFFICE,5921758010602,452010602,3,Accomplished,2019-07-15T20:34:41.000Z,,,,0913_132085_ACTP,5570,Bayfield,8.2512308041e-08,0.00208063275612737
7100,"Pollinator habitat improved, restored or maintained",N/A,NFVW,2,2,ACRES,2017-05-05T00:00:00.000Z,2017-06-26T00:00:00.000Z,2017-06-26T00:00:00.000Z,2017,2017,2017,090901,09,09,01,090901,Superior National Forest,Laurentian Ranger District,0909,FS,USDA FOREST SERVICE,MN,,,,,100,Manual,118,Rake,200,28862,(PALS)TRACKS PROJECT RECORD OF DECISION,MONARCH BUTTERFLY HABITAT IMPROVEMENTS, ,MBHR,,30,ACRES,29.11,3581162010602,839739010602,0000124012,0909010000124012000,000,NEVADA PU 14 COPP,5487423010602,30932,3,Accomplished,2015-02-18T00:00:00.000Z,,,,0909_62403_ACTP,5536,St. Louis,1.40882832004085e-05,0.0401015628599394
7100,"Pollinator habitat improved, restored or maintained",N/A,NFVW,2,2,ACRES,2017-05-05T00:00:00.000Z,2017-06-26T00:00:00.000Z,2017-06-26T00:00:00.000Z,2017,2017,2017,090901,09,09,01,090901,Superior National Forest,Laurentian Ranger District,0909,FS,USDA FOREST SERVICE,MN,,,,,100,Manual,118,Rake,200,28862,(PALS)TRACKS PROJECT RECORD OF DECISION,MONARCH BUTTERFLY HABITAT IMPROVEMENTS, ,MBHR,,34,ACRES,34.366,3581166010602,839740010602,0000124149,0909010000124149000,000,NEVADA PU 15 COPP,5487431010602,30932,3,Accomplished,2015-02-18T00:00:00.000Z,,,,0909_62402_ACTP,5537,St. Louis,1.6631650019659e-05,0.025371794213317
7100,"Pollinator habitat improved, restored or maintained",N/A,NFVW,2,2,ACRES,2017-05-05T00:00:00.000Z,2017-06-26T00:00:00.000Z,2017-06-26T00:00:00.000Z,2017,2017,2017,090901,09,09,01,090901,Superior National Forest,Laurentian Ranger District,0909,FS,USDA FOREST SERVICE,MN,,,,N,100,Manual,118,Rake,200,28862,(PALS)TRACKS PROJECT RECORD OF DECISION,MONARCH BUTTERFLY HABITAT IMPROVEMENTS, ,MBHR,,59,ACRES,44.423,AU10631010436,1499010436,0000193037,0909010000193037000,000,COUNTY LINE PU 199 CCR SEED,5489221010602,30932,3,Accomplished,,,,,0909_7226_ACTP,5538,Lake,2.1388656626872e-05,0.0222626417575867
7100,"Pollinator habitat improved, restored or maintained",N/A,NFVW,2,2,ACRES,2017-05-05T00:00:00.000Z,2017-06-26T00:00:00.000Z,2017-06-26T00:00:00.000Z,2017,2017,2017,090901,09,09,01,090901,Superior National Forest,Laurentian Ranger District,0909,FS,USDA FOREST SERVICE,MN,,,,,100,Manual,118,Rake,200,28862,(PALS)TRACKS PROJECT RECORD OF DECISION,MONARCH BUTTERFLY HABITAT IMPROVEMENTS, ,MBHR,,86,ACRES,81.952,3567736010602,837829010602,0000201008,0909010000201008000,000,COUNTY LINE PU 207 CCR SP SEED,5489213010602,30932,3,Accomplished,,,,,0909_7230_ACTP,5539,Lake,3.94474800030645e-05,0.0636451048591798
7100,"Pollinator habitat improved, restored or maintained",N/A,NFRW,11,11,ACRES,2019-05-01T00:00:00.000Z,2019-07-30T00:00:00.000Z,2019-07-30T00:00:00.000Z,2019,2019,2019,090901,09,09,01,090901,Superior National Forest,Laurentian Ranger District,0909,FS,USDA FOREST SERVICE,MN,,,,N,100,Manual,118,Rake,200,28862,(PALS)TRACKS PROJECT RECORD OF DECISION,MONARCH BUTTERFLY HABITAT IMPROVEMENTS, ,MBHR,,23,ACRES,22.836,AU10746010436,1333010436,0000202017,0909010000202017000,000,NORTHERN BLUE PU 240 THIN,5970503010602,30932,3,Accomplished,,,,,0909_5973_ACTP,5540,Lake,1.09949484129375e-05,0.0170940800943575
4431,Plant Trees,Planting,NFVW,13,13,ACRES,2014-10-01T00:00:00.000Z,2015-04-23T00:00:00.000Z,2015-05-16T00:00:00.000Z,2015,2015,2015,090902,09,09,02,090902,Superior National Forest,Gunflint Ranger District,0909,FS,USDA FOREST SERVICE,MN,,,,,000,Not Applicable,000,NA,209,22079,(PALS)MAPLE HILL PROJECT,NFF HUNGRY WATERSHED RESTORATION,NFXN1415,MBHR,CT,13,ACRES,13.173,AU305095010602,922633010602,0000182013,0909020000182013001,001,HUNGRY 3 MSP,AC2008805010602,23117,3,Accomplished,2014-01-02T18:15:51.000Z,,,,0909_31061_ACTP,5541,Cook,6.404436297123e-06,0.0191646005949189
4431,Plant Trees,Planting,"NFVW,NFXN",8,8,ACRES,2015-04-23T00:00:00.000Z,2015-04-23T00:00:00.000Z,2015-05-15T00:00:00.000Z,2015,2015,2015,090902,09,09,02,090902,Superior National Forest,Gunflint Ranger District,0909,FS,USDA FOREST SERVICE,MN,,,,,000,Not Applicable,000,NA,209,22079,(PALS)MAPLE HILL PROJECT,NFF HUNGRY WATERSHED RESTORATION,NFXN1415,MBHR,CT,8,ACRES,8.163,AU305123010602,599183010602,0000182017,0909020000182017001,001,HUNGRY 4 MSP,AC2009542010602,23117,3,Accomplished,2013-12-09T18:28:04.000Z,7,Digitized From Hardcopy PBS/SEQ,,0909_27199_ACTP,5542,Cook,3.968272510389e-06,0.0143197842276365
7100,"Pollinator habitat improved, restored or maintained",N/A,NFWF,10,10,ACRES,2018-05-04T00:00:00.000Z,2018-07-18T00:00:00.000Z,2018-07-18T00:00:00.000Z,2018,2018,2018,090905,09,09,05,090905,Superior National Forest,Kawishiwi Ranger District,0909,FS,USDA FOREST SERVICE,MN,,,,,100,Manual,118,Rake,200,51384,(PALS)CLOQUET LINE,MONARCH BUTTERFLY HABITAT IMPROVEMENTS, ,MBHR,,137,ACRES,136.747,5800448010602,1099708010602,0000018038,0909050000018038000,000,KANGAS TASKORDER MFR36,5751473010602,47436,3,Accomplished,2018-09-13T16:43:39.000Z,,,,0909_108163_ACTP,5544,Lake,6.6707057353627e-05,0.0549633928274987
7100,"Pollinator habitat improved, restored or maintained",N/A,NFVW,16,16,ACRES,2016-05-05T00:00:00.000Z,2016-08-10T00:00:00.000Z,2016-08-10T00:00:00.000Z,2016,2016,2016,090905,09,09,05,090905,Superior National Forest,Kawishiwi Ranger District,0909,FS,USDA FOREST SERVICE,MN,,,,,100,Manual,100,Hand Work,200,32691,(PALS)BIRCH PROJECT DECISION NOTICE AND FINDING OF NO SIGNIFICANT IMPACT,MONARCH BUTTERFLY HABITAT IMPROVEMENTS, ,MBHR,,16,ACRES,16.347,3602896010602,841684010602,0000060033,0909050000060033000,000,JOHNSON PU 3 CCR SP ,5261180010602,33327,3,Accomplished,2013-08-31T00:00:00.000Z,,,,0909_21117_ACTP,5545,St. Louis,7.948099909905e-06,0.0173961512738393
4431,Plant Trees,Planting,NFXN,47,47,ACRES,2015-04-23T00:00:00.000Z,2015-04-23T00:00:00.000Z,2015-05-15T00:00:00.000Z,2015,2015,2015,090902,09,09,02,090902,Superior National Forest,Gunflint Ranger District,0909,FS,USDA FOREST SERVICE,MN,,,,,000,Not Applicable,000,NA,209,22079,(PALS)MAPLE HILL PROJECT,NFF HUNGRY WATERSHED RESTORATION,NFXN1415,MBHR,CT,47,ACRES,48.659,AU305167010602,917417010602,0000183018,0909020000183018003,003,LEGO 4 MSP,AC1874622010602,23117,3,Accomplished,2014-09-05T18:17:55.000Z,,,,0909_34608_ACTP,5543,Cook,2.36554635589675e-05,0.0468327081339967
7100,"Pollinator habitat improved, restored or maintained",N/A,NFVW,1263,1263,ACRES,2016-02-01T00:00:00.000Z,2016-02-20T00:00:00.000Z,2016-02-20T00:00:00.000Z,2016,2016,2016,080308,08,03,08,080308,Chattahoochee-Oconee National Forest,Oconee Ranger District,0827,FS,USDA FOREST SERVICE,GA,,,,,000,Not Applicable,000,NA,0,NOT REQD,DEFAULT FOR NOT REQUIRED,MONARCH BUTTERFLY HABITAT RESTORATION, ,MBHR,FA,1263,ACRES,701.353,AU299294010602,964780010602,0000111000,0803080000111000003,003,COMPT 111  FY 19,5288002010602,101051110511,3,Accomplished,2016-03-01T21:52:59.000Z,3,GPS – Differentially Corrected Data,0,0803_54047_ACTP,5515,Jasper,0.000274464268904917,0.0857640082001964
7031,Planting propagules and cuttings,N/A,NFVW,1,1,ACRES,2016-07-13T00:00:00.000Z,2016-09-15T00:00:00.000Z,2016-09-15T00:00:00.000Z,2016,2016,2016,090702,09,07,02,090702,Ottawa National Forest,Bessemer Ranger District,0907,FS,USDA FOREST SERVICE,MI,,,,,100,Manual,113,Hand Tool,1285,1041,(PALS)OTTAWA NATIONAL FOREST NON-NATIVE INVASIVE PLANT CONTROL PROJECT,MONARCH BUTTERFLY HABITAT IMPROVEMENTS, ,MBHR,"CA,FA",1,ACRES,0.381,5616554010602,1057987010602,NPP2016002,090702NPP2016002002,002,BLACK R HARBOR MEADOW POLL HAB,5275122010602,6298,3,Accomplished,2016-10-27T20:49:20.000Z,20,Digitized Other,,0907_76917_ACTP,5516,Gogebic,1.812427416605e-07,0.00177636281708453
7100,"Pollinator habitat improved, restored or maintained",N/A,NFVW,1,1,ACRES,2016-04-15T00:00:00.000Z,2016-09-15T00:00:00.000Z,2016-09-15T00:00:00.000Z,2016,2016,2016,090702,09,07,02,090702,Ottawa National Forest,Bessemer Ranger District,0907,FS,USDA FOREST SERVICE,MI,,,,,100,Manual,113,Hand Tool,0,42830,(PALS)OPENINGS MAINTENANCE PROJECT,MONARCH BUTTERFLY HABITAT IMPROVEMENTS, ,MBHR,"CA,FA",1,ACRES,0.381,5616554010602,1057987010602,NPP2016002,090702NPP2016002002,002,BLACK R HARBOR MEADOW POLL HAB,5275380010602,40658,3,Accomplished,2016-10-27T20:49:20.000Z,20,Digitized Other,,0907_76917_ACTP,5517,Gogebic,1.812427416605e-07,0.00177636281708453
7100,"Pollinator habitat improved, restored or maintained",N/A,"NFVW,NFWF",1,1,ACRES,2017-05-01T00:00:00.000Z,2017-08-29T00:00:00.000Z,2017-08-29T00:00:00.000Z,2017,2017,2017,090702,09,07,02,090702,Ottawa National Forest,Bessemer Ranger District,0907,FS,USDA FOREST SERVICE,MI,,,,,100,Manual,113,Hand Tool,3879,1041,(PALS)OTTAWA NATIONAL FOREST NON-NATIVE INVASIVE PLANT CONTROL PROJECT,MONARCH BUTTERFLY HABITAT IMPROVEMENTS, ,MBHR,"CA,FA",1,ACRES,0.381,5828002010602,1106759010602,NPP2017002,090702NPP2017002002,002,BLACK RIVER MEADOW,5515887010602,6298,3,Accomplished,2017-10-30T15:24:53.000Z,20,Digitized Other,,0907_81433_ACTP,5518,Gogebic,1.812427416605e-07,0.00177636281708453
7031,Planting propagules and cuttings,N/A,"NFVW,NFWF",1,1,ACRES,2017-05-01T00:00:00.000Z,2017-08-29T00:00:00.000Z,2017-08-29T00:00:00.000Z,2017,2017,2017,090702,09,07,02,090702,Ottawa National Forest,Bessemer Ranger District,0907,FS,USDA FOREST SERVICE,MI,,,,,100,Manual,113,Hand Tool,3879,1041,(PALS)OTTAWA NATIONAL FOREST NON-NATIVE INVASIVE PLANT CONTROL PROJECT,MONARCH BUTTERFLY HABITAT IMPROVEMENTS, ,MBHR,"CA,FA",1,ACRES,0.381,5828002010602,1106759010602,NPP2017002,090702NPP2017002002,002,BLACK RIVER MEADOW,5515854010602,6298,3,Accomplished,2017-10-30T15:24:53.000Z,20,Digitized Other,,0907_81433_ACTP,5519,Gogebic,1.812427416605e-07,0.00177636281708453
7031,Planting propagules and cuttings,N/A,NFWF,1,1,ACRES,2017-05-01T00:00:00.000Z,2017-09-12T00:00:00.000Z,2017-09-12T00:00:00.000Z,2017,2017,2017,090702,09,07,02,090702,Ottawa National Forest,Bessemer Ranger District,0907,FS,USDA FOREST SERVICE,MI,,,,,100,Manual,113,Hand Tool,406,42830,(PALS)OPENINGS MAINTENANCE PROJECT,MONARCH BUTTERFLY HABITAT IMPROVEMENTS, ,MBHR,FA,1,ACRES,2.641,5828002010602,1106750010602,NPP2017002,090702NPP2017002003,003,FR9322 OPENING,5515771010602,40658,3,Accomplished,2017-10-30T15:29:12.000Z,20,Digitized Other,,0907_81434_ACTP,5520,Gogebic,1.2506022538085e-06,0.00454131316917782
7100,"Pollinator habitat improved, restored or maintained",N/A,NFWF,1,1,ACRES,2017-05-01T00:00:00.000Z,2017-09-12T00:00:00.000Z,2017-09-12T00:00:00.000Z,2017,2017,2017,090702,09,07,02,090702,Ottawa National Forest,Bessemer Ranger District,0907,FS,USDA FOREST SERVICE,MI,,,,,100,Manual,113,Hand Tool,406,42830,(PALS)OPENINGS MAINTENANCE PROJECT,MONARCH BUTTERFLY HABITAT IMPROVEMENTS, ,MBHR,FA,1,ACRES,2.641,5828002010602,1106750010602,NPP2017002,090702NPP2017002003,003,FR9322 OPENING,5515784010602,40658,3,Accomplished,2017-10-30T15:29:12.000Z,20,Digitized Other,,0907_81434_ACTP,5521,Gogebic,1.2506022538085e-06,0.00454131316917782
7031,Planting propagules and cuttings,N/A,NFVW,1,1,ACRES,2019-04-15T00:00:00.000Z,2019-08-21T00:00:00.000Z,2019-08-21T00:00:00.000Z,2019,2019,2019,090702,09,07,02,090702,Ottawa National Forest,Bessemer Ranger District,0907,FS,USDA FOREST SERVICE,MI,,,,,100,Manual,100,Hand Work,187,1041,(PALS)OTTAWA NATIONAL FOREST NON-NATIVE INVASIVE PLANT CONTROL PROJECT,MONARCH BUTTERFLY HABITAT IMPROVEMENTS, ,MBHR,FA,1,ACRES,0.156,6199406010602,1202933010602,NPP2019002,090702NPP2019002002,002,BRH RESTO PLOTS,5952716010602,6298,3,Accomplished,2019-10-18T17:13:21.000Z,,,,0907_90725_ACTP,5522,Gogebic,7.43487557425e-08,0.00110112685013764
7100,"Pollinator habitat improved, restored or maintained",N/A,"NFND,NFVW,NFXF",1,1,ACRES,2019-04-15T00:00:00.000Z,2019-09-30T00:00:00.000Z,2019-09-30T00:00:00.000Z,2019,2019,2019,090702,09,07,02,090702,Ottawa National Forest,Bessemer Ranger District,0907,FS,USDA FOREST SERVICE,MI,,,,,100,Manual,100,Hand Work,1832,1041,(PALS)OTTAWA NATIONAL FOREST NON-NATIVE INVASIVE PLANT CONTROL PROJECT,MONARCH BUTTERFLY HABITAT IMPROVEMENTS, ,MBHR,"CA,FA,VL",1,ACRES,0.156,6199406010602,1202933010602,NPP2019002,090702NPP2019002002,002,BRH RESTO PLOTS,5952732010602,6298,3,Accomplished,2019-10-18T17:13:21.000Z,,,,0907_90725_ACTP,5523,Gogebic,7.43487557425e-08,0.00110112685013764
7065,Re-vegetation treatments - vegetation removal,Biomass Removal,"NFND,NFVW,NFXF",1,1,ACRES,2019-04-15T00:00:00.000Z,2019-09-30T00:00:00.000Z,2019-09-30T00:00:00.000Z,2019,2019,2019,090702,09,07,02,090702,Ottawa National Forest,Bessemer Ranger District,0907,FS,USDA FOREST SERVICE,MI,,,,,100,Manual,100,Hand Work,1645,1041,(PALS)OTTAWA NATIONAL FOREST NON-NATIVE INVASIVE PLANT CONTROL PROJECT,MONARCH BUTTERFLY HABITAT IMPROVEMENTS, ,MBHR,"CA,FA,VL",1,ACRES,0.156,6199406010602,1202933010602,NPP2019002,090702NPP2019002002,002,BRH RESTO PLOTS,5952692010602,6298,3,Accomplished,2019-10-18T17:13:21.000Z,,,,0907_90725_ACTP,5524,Gogebic,7.43487557425e-08,0.00110112685013764
7031,Planting propagules and cuttings,N/A,NFXF,1,1,ACRES,2019-04-15T00:00:00.000Z,2019-08-20T00:00:00.000Z,2019-08-20T00:00:00.000Z,2019,2019,2019,090704,09,07,04,090704,Ottawa National Forest,Kenton Ranger District,0907,FS,USDA FOREST SERVICE,MI,,,,,100,Manual,113,Hand Tool,1401,54443,(PALS)WILDLIFE HABITAT IMPROVEMENT PROJECT,"GREAT LAKES RESTORATION INITIATIVE,MONARCH BUTTERFLY HABITAT IMPROVEMENTS"," , ","GLRI,MBHR",FA,1,ACRES,0.198,6202311010602,1203736010602,NPP2019004,090704NPP2019004004,004,FR1439 POLL PLTG,5955254010602,50772,3,Accomplished,2019-10-18T17:08:31.000Z,,,,0907_90723_ACTP,5525,Houghton,9.40107970415e-08,0.00137767446880053
7100,"Pollinator habitat improved, restored or maintained",N/A,NFXF,1,1,ACRES,2019-04-15T00:00:00.000Z,2019-08-20T00:00:00.000Z,2019-08-20T00:00:00.000Z,2019,2019,2019,090704,09,07,04,090704,Ottawa National Forest,Kenton Ranger District,0907,FS,USDA FOREST SERVICE,MI,,,,,100,Manual,113,Hand Tool,1401,54443,(PALS)WILDLIFE HABITAT IMPROVEMENT PROJECT,"GREAT LAKES RESTORATION INITIATIVE,MONARCH BUTTERFLY HABITAT IMPROVEMENTS"," , ","GLRI,MBHR",FA,1,ACRES,0.198,6202311010602,1203736010602,NPP2019004,090704NPP2019004004,004,FR1439 POLL PLTG,5955316010602,50772,3,Accomplished,2019-10-18T17:08:31.000Z,,,,0907_90723_ACTP,5526,Houghton,9.40107970415e-08,0.00137767446880053
4152,Group Selection Cut (UA/RH/FH),Biomass Removal,XXXX,6,6,ACRES,2013-09-24T00:00:00.000Z,2013-09-24T00:00:00.000Z,2018-07-02T00:00:00.000Z,2013,2013,2018,030703,03,07,03,030703,Kaibab National Forest,North Kaibab Ranger District,0307,FS,USDA FOREST SERVICE,AZ,,,,,200,Mechanical,201,Dozer,0,32654,(PALS)DN & FONSI JACOB-RYAN VEGETATION MANAGEMENT PROJECT,"MONARCH BUTTERFLY HABITAT RESTORATION,PEARL STEWARDSHIP,RANGE VEG AND WATERSHED IMPROVEMENT,RESILIENCY"," , , ,03144"," ,MBHR,STWD,WBBS",CT,6,ACRES,5.991,3978205010602,916555010602,A000000083,030703A000000083012,012,PEARL STEW. GRP. SEL. REGEN. PAY UNIT 4,4078612010602,33859,3,Accomplished,2014-04-14T00:00:00.000Z,3,GPS – Differentially Corrected Data,,0307_15596_ACTP,5445,Coconino,2.4456875244785e-06,0.0251630280428826
4220,Commercial Thin,Thinning,XXXX,130,130,ACRES,2017-09-12T00:00:00.000Z,2017-09-12T00:00:00.000Z,2017-09-12T00:00:00.000Z,2017,2017,2017,030703,03,07,03,030703,Kaibab National Forest,North Kaibab Ranger District,0307,FS,USDA FOREST SERVICE,AZ,,,,,420,Tractor Logging,455,Feller Buncher,,32654,(PALS)DN & FONSI JACOB-RYAN VEGETATION MANAGEMENT PROJECT,"MONARCH BUTTERFLY HABITAT RESTORATION,RESILIENCY,WILD BUCK TS"," , ,03143","MBHR,WBBS,WBBS",CT,130,ACRES,129.853,3978205010602,944510010602,A000000083,030703A000000083022,022,WILD BUCK COM. THIN TENDING PAY UNIT 7,5465407010602,33859,3,Accomplished,2017-10-02T20:44:51.000Z,3,GPS – Differentially Corrected Data,,0307_26966_ACTP,5446,Coconino,5.29761444042455e-05,0.0991069502212635
4152,Group Selection Cut (UA/RH/FH),Biomass Removal,XXXX,1,1,ACRES,2017-07-17T00:00:00.000Z,2017-07-17T00:00:00.000Z,2017-07-17T00:00:00.000Z,2017,2017,2017,030703,03,07,03,030703,Kaibab National Forest,North Kaibab Ranger District,0307,FS,USDA FOREST SERVICE,AZ,,,,,420,Tractor Logging,455,Feller Buncher,,32654,(PALS)DN & FONSI JACOB-RYAN VEGETATION MANAGEMENT PROJECT,"MONARCH BUTTERFLY HABITAT RESTORATION,RESILIENCY,WILD BUCK TS"," , ,03143","MBHR,WBBS,WBBS",CT,1,ACRES,0.938,3978205010602,944511010602,A000000083,030703A000000083023,023,WILD BUCK GRP SELECT REGEN PAY UNIT 6,5465511010602,33859,3,Accomplished,2017-10-02T20:44:51.000Z,3,GPS – Differentially Corrected Data,,0307_26967_ACTP,5447,Coconino,3.82624701486e-07,0.00258327276602998
7100,"Pollinator habitat improved, restored or maintained",N/A,XXXX,52,52,ACRES,2018-08-31T00:00:00.000Z,2018-08-31T00:00:00.000Z,,2018,2018,,030703,03,07,03,030703,Kaibab National Forest,North Kaibab Ranger District,0307,FS,USDA FOREST SERVICE,AZ,,,,,100,Manual,111,Chain Saw,,32654,(PALS)DN & FONSI JACOB-RYAN VEGETATION MANAGEMENT PROJECT,"MONARCH BUTTERFLY HABITAT RESTORATION,RIDGE REOFFER"," ,03143","MBHR,WBBS",CT,52,ACRES,52.356,3978205010602,1154962010602,A000000083,030703A000000083087,087,RIDGEREOFF PAYUNIT 2 TENDING,5743141010602,33859,3,Accomplished,2018-10-31T15:22:50.000Z,2,GPS – Uncorrected Data,,0307_28036_ACTP,5456,Coconino,2.1365845069734e-05,0.0423359027864066
7100,"Pollinator habitat improved, restored or maintained",N/A,XXXX,4,4,ACRES,2018-08-31T00:00:00.000Z,2018-08-31T00:00:00.000Z,,2018,2018,,030703,03,07,03,030703,Kaibab National Forest,North Kaibab Ranger District,0307,FS,USDA FOREST SERVICE,AZ,,,,,420,Tractor Logging,455,Feller Buncher,,32654,(PALS)DN & FONSI JACOB-RYAN VEGETATION MANAGEMENT PROJECT,"MONARCH BUTTERFLY HABITAT RESTORATION,RIDGE REOFFER"," ,03143","MBHR,WBBS",CT,4,ACRES,4.264,3978205010602,1154963010602,A000000083,030703A000000083088,088,RIDGEREOFF PAYUNIT 2 GRP SELECT CUT,5743190010602,33859,3,Accomplished,2018-10-31T15:22:49.000Z,2,GPS – Uncorrected Data,,0307_27990_ACTP,5457,Coconino,1.740312314472e-06,0.0111914711622181
7100,"Pollinator habitat improved, restored or maintained",N/A,XXXX,41,41,ACRES,2018-08-31T00:00:00.000Z,2018-08-31T00:00:00.000Z,,2018,2018,,030703,03,07,03,030703,Kaibab National Forest,North Kaibab Ranger District,0307,FS,USDA FOREST SERVICE,AZ,,,,,420,Tractor Logging,455,Feller Buncher,,32654,(PALS)DN & FONSI JACOB-RYAN VEGETATION MANAGEMENT PROJECT,"MONARCH BUTTERFLY HABITAT RESTORATION,RIDGE REOFFER"," ,03143","MBHR,WBBS",CT,41,ACRES,40.927,3978205010602,1154964010602,A000000083,030703A000000083089,089,RIDGEREOFF PAYUNIT 3 TENDING,5743150010602,33859,3,Accomplished,2018-10-31T15:22:50.000Z,2,GPS – Uncorrected Data,,0307_28035_ACTP,5458,Coconino,1.6703403420529e-05,0.03515267650704
7100,"Pollinator habitat improved, restored or maintained",N/A,XXXX,43,43,ACRES,2018-08-31T00:00:00.000Z,2018-08-31T00:00:00.000Z,,2018,2018,,030703,03,07,03,030703,Kaibab National Forest,North Kaibab Ranger District,0307,FS,USDA FOREST SERVICE,AZ,,,,,420,Tractor Logging,455,Feller Buncher,,32654,(PALS)DN & FONSI JACOB-RYAN VEGETATION MANAGEMENT PROJECT,"MONARCH BUTTERFLY HABITAT RESTORATION,RIDGE REOFFER"," ,03143","MBHR,WBBS",CT,43,ACRES,42.583,3978205010602,1154974010602,A000000083,030703A000000083090,090,RIDGEREOFF PAYUNIT 4 TENDING,5743197010602,33859,3,Accomplished,2018-10-31T15:22:49.000Z,2,GPS – Uncorrected Data,,0307_27989_ACTP,5459,Coconino,1.7379729905003e-05,0.0363941579051835
7100,"Pollinator habitat improved, restored or maintained",N/A,XXXX,3,3,ACRES,2018-08-31T00:00:00.000Z,2018-08-31T00:00:00.000Z,,2018,2018,,030703,03,07,03,030703,Kaibab National Forest,North Kaibab Ranger District,0307,FS,USDA FOREST SERVICE,AZ,,,,,420,Tractor Logging,455,Feller Buncher,,32654,(PALS)DN & FONSI JACOB-RYAN VEGETATION MANAGEMENT PROJECT,"MONARCH BUTTERFLY HABITAT RESTORATION,RIDGE REOFFER"," ,03143","MBHR,WBBS",CT,3,ACRES,3.387,3978205010602,1154981010602,A000000083,030703A000000083091,091,RIDGEREOFF PAYUNIT 4 GRP SELECT CUT,5743264010602,33859,3,Accomplished,2018-10-31T15:22:49.000Z,2,GPS – Uncorrected Data,,0307_27988_ACTP,5460,Coconino,1.382190280737e-06,0.00764486875483941
7100,"Pollinator habitat improved, restored or maintained",N/A,XXXX,6,6,ACRES,2017-12-19T00:00:00.000Z,2017-12-19T00:00:00.000Z,,2018,2018,,030703,03,07,03,030703,Kaibab National Forest,North Kaibab Ranger District,0307,FS,USDA FOREST SERVICE,AZ,,,,,420,Tractor Logging,455,Feller Buncher,,32654,(PALS)DN & FONSI JACOB-RYAN VEGETATION MANAGEMENT PROJECT,MONARCH BUTTERFLY HABITAT RESTORATION, ,MBHR,CT,6,ACRES,6.072,3978205010602,1160398010602,A000000083,030703A000000083107,107,BRIDGE PAYUNIT 1 GROUP SELECT REGEN HARV.,5750954010602,33859,3,Accomplished,2018-10-31T15:22:49.000Z,2,GPS – Uncorrected Data,,0307_28005_ACTP,5472,Coconino,2.4797177165285e-06,0.0220177372740001
7100,"Pollinator habitat improved, restored or maintained",N/A,XXXX,72,72,ACRES,2017-12-19T00:00:00.000Z,2017-12-19T00:00:00.000Z,,2018,2018,,030703,03,07,03,030703,Kaibab National Forest,North Kaibab Ranger District,0307,FS,USDA FOREST SERVICE,AZ,,,,,420,Tractor Logging,455,Feller Buncher,,32654,(PALS)DN & FONSI JACOB-RYAN VEGETATION MANAGEMENT PROJECT,MONARCH BUTTERFLY HABITAT RESTORATION, ,MBHR,CT,72,ACRES,71.62,3978205010602,1160400010602,A000000083,030703A000000083108,108,BRIDGE PAYUNIT 2 TENDING,5750984010602,33859,3,Accomplished,2018-10-31T15:22:49.000Z,2,GPS – Uncorrected Data,,0307_28006_ACTP,5473,Coconino,2.92502281773555e-05,0.0261071971549961
7100,"Pollinator habitat improved, restored or maintained",N/A,XXXX,54,54,ACRES,2017-12-19T00:00:00.000Z,2017-12-19T00:00:00.000Z,,2018,2018,,030703,03,07,03,030703,Kaibab National Forest,North Kaibab Ranger District,0307,FS,USDA FOREST SERVICE,AZ,,,,,420,Tractor Logging,455,Feller Buncher,,32654,(PALS)DN & FONSI JACOB-RYAN VEGETATION MANAGEMENT PROJECT,MONARCH BUTTERFLY HABITAT RESTORATION, ,MBHR,CT,54,ACRES,53.558,3978205010602,1160402010602,A000000083,030703A000000083109,109,BRIDGE PAYUNIT 3 TENDING,5750990010602,33859,3,Accomplished,2018-10-31T15:22:49.000Z,2,GPS – Uncorrected Data,,0307_28007_ACTP,5474,Coconino,2.1874981731314e-05,0.0532465456904166
7100,"Pollinator habitat improved, restored or maintained",N/A,XXXX,9,9,ACRES,2017-12-19T00:00:00.000Z,2017-12-19T00:00:00.000Z,,2018,2018,,030703,03,07,03,030703,Kaibab National Forest,North Kaibab Ranger District,0307,FS,USDA FOREST SERVICE,AZ,,,,,420,Tractor Logging,455,Feller Buncher,,32654,(PALS)DN & FONSI JACOB-RYAN VEGETATION MANAGEMENT PROJECT,MONARCH BUTTERFLY HABITAT RESTORATION, ,MBHR,CT,9,ACRES,8.843,3978205010602,1160405010602,A000000083,030703A000000083110,110,BRIDGE PAYUNIT 3 GROUP SELECT REGEN HARV.,5751159010602,33859,3,Accomplished,2018-10-31T15:22:49.000Z,2,GPS – Uncorrected Data,,0307_28008_ACTP,5475,Coconino,3.6119560721645e-06,0.0195891130531049
7100,"Pollinator habitat improved, restored or maintained",N/A,XXXX,138,138,ACRES,2017-12-19T00:00:00.000Z,2017-12-19T00:00:00.000Z,,2018,2018,,030703,03,07,03,030703,Kaibab National Forest,North Kaibab Ranger District,0307,FS,USDA FOREST SERVICE,AZ,,,,,420,Tractor Logging,455,Feller Buncher,,32654,(PALS)DN & FONSI JACOB-RYAN VEGETATION MANAGEMENT PROJECT,MONARCH BUTTERFLY HABITAT RESTORATION, ,MBHR,CT,138,ACRES,138.032,3978205010602,1160408010602,A000000083,030703A000000083111,111,BRIDGE PAYUNIT 4 TENDING,5750994010602,33859,3,Accomplished,2018-10-31T15:22:49.000Z,2,GPS – Uncorrected Data,,0307_28009_ACTP,5476,Coconino,5.6371468496578e-05,0.124318387105092
7100,"Pollinator habitat improved, restored or maintained",N/A,XXXX,26,26,ACRES,2017-12-19T00:00:00.000Z,2017-12-19T00:00:00.000Z,,2018,2018,,030703,03,07,03,030703,Kaibab National Forest,North Kaibab Ranger District,0307,FS,USDA FOREST SERVICE,AZ,,,,,420,Tractor Logging,455,Feller Buncher,,32654,(PALS)DN & FONSI JACOB-RYAN VEGETATION MANAGEMENT PROJECT,MONARCH BUTTERFLY HABITAT RESTORATION, ,MBHR,CT,26,ACRES,26.003,3978205010602,1160410010602,A000000083,030703A000000083112,112,BRIDGE PAYUNIT 4 GROUP SELECT REGEN HARV.,5751167010602,33859,3,Accomplished,2018-10-31T15:22:49.000Z,2,GPS – Uncorrected Data,,0307_28010_ACTP,5477,Coconino,1.06194475085245e-05,0.0710836584239284
7100,"Pollinator habitat improved, restored or maintained",N/A,XXXX,133,133,ACRES,2017-12-19T00:00:00.000Z,2017-12-19T00:00:00.000Z,,2018,2018,,030703,03,07,03,030703,Kaibab National Forest,North Kaibab Ranger District,0307,FS,USDA FOREST SERVICE,AZ,,,,,420,Tractor Logging,455,Feller Buncher,,32654,(PALS)DN & FONSI JACOB-RYAN VEGETATION MANAGEMENT PROJECT,MONARCH BUTTERFLY HABITAT RESTORATION, ,MBHR,CT,133,ACRES,132.759,3978205010602,1160411010602,A000000083,030703A000000083113,113,BRIDGE PAYUNIT 5 TENDING,5750999010602,33859,3,Accomplished,2018-10-31T15:22:49.000Z,2,GPS – Uncorrected Data,,0307_28011_ACTP,5478,Coconino,5.4215154806191e-05,0.105178126071508
7100,"Pollinator habitat improved, restored or maintained",N/A,XXXX,21,21,ACRES,2017-12-19T00:00:00.000Z,2017-12-19T00:00:00.000Z,,2018,2018,,030703,03,07,03,030703,Kaibab National Forest,North Kaibab Ranger District,0307,FS,USDA FOREST SERVICE,AZ,,,,,420,Tractor Logging,455,Feller Buncher,,32654,(PALS)DN & FONSI JACOB-RYAN VEGETATION MANAGEMENT PROJECT,MONARCH BUTTERFLY HABITAT RESTORATION, ,MBHR,CT,21,ACRES,21.36,3978205010602,1160412010602,A000000083,030703A000000083114,114,BRIDGE PAYUNIT 5 GROUP SELECT REGEN HARV.,5751177010602,33859,3,Accomplished,2018-10-31T15:22:49.000Z,2,GPS – Uncorrected Data,,0307_28012_ACTP,5479,Coconino,8.723100079676e-06,0.0558077755558735
7100,"Pollinator habitat improved, restored or maintained",N/A,XXXX,28,28,ACRES,2018-08-31T00:00:00.000Z,2018-08-31T00:00:00.000Z,,2018,2018,,030703,03,07,03,030703,Kaibab National Forest,North Kaibab Ranger District,0307,FS,USDA FOREST SERVICE,AZ,,,,,420,Tractor Logging,455,Feller Buncher,,32654,(PALS)DN & FONSI JACOB-RYAN VEGETATION MANAGEMENT PROJECT,"MONARCH BUTTERFLY HABITAT RESTORATION,RIDGE REOFFER"," ,03143","MBHR,WBBS",CT,28,ACRES,27.997,3978205010602,1154983010602,A000000083,030703A000000083092,092,RIDGEREOFF PAYUNIT 5 TENDING,5743258010602,33859,3,Accomplished,2018-10-31T15:22:50.000Z,2,GPS – Uncorrected Data,,0307_28039_ACTP,5461,Coconino,1.1425353844186e-05,0.0401556345738805
7100,"Pollinator habitat improved, restored or maintained",N/A,XXXX,2,2,ACRES,2018-08-31T00:00:00.000Z,2018-08-31T00:00:00.000Z,,2018,2018,,030703,03,07,03,030703,Kaibab National Forest,North Kaibab Ranger District,0307,FS,USDA FOREST SERVICE,AZ,,,,,420,Tractor Logging,455,Feller Buncher,,32654,(PALS)DN & FONSI JACOB-RYAN VEGETATION MANAGEMENT PROJECT,"MONARCH BUTTERFLY HABITAT RESTORATION,RIDGE REOFFER"," ,03143","MBHR,WBBS",CT,2,ACRES,2.225,3978205010602,1154992010602,A000000083,030703A000000083093,093,RIDGEREOFF PAYUNIT 5 GRP SELECT CUT,5743270010602,33859,3,Accomplished,2018-10-31T15:22:49.000Z,2,GPS – Uncorrected Data,,0307_27987_ACTP,5462,Coconino,9.079202602995e-07,0.00644927648379345
7100,"Pollinator habitat improved, restored or maintained",N/A,XXXX,39,39,ACRES,2017-12-18T00:00:00.000Z,2017-12-18T00:00:00.000Z,,2018,2018,,030703,03,07,03,030703,Kaibab National Forest,North Kaibab Ranger District,0307,FS,USDA FOREST SERVICE,AZ,,,,,420,Tractor Logging,455,Feller Buncher,,32654,(PALS)DN & FONSI JACOB-RYAN VEGETATION MANAGEMENT PROJECT,MONARCH BUTTERFLY HABITAT RESTORATION, ,MBHR,CT,39,ACRES,38.988,3978205010602,1159975010602,A000000083,030703A000000083096,096,LABOR PAYUNIT 1 TENDING,5749179010602,33859,3,Accomplished,2018-10-31T15:22:49.000Z,2,GPS – Uncorrected Data,,0307_27996_ACTP,5463,Coconino,1.5923616543804e-05,0.0363739641537805
7100,"Pollinator habitat improved, restored or maintained",N/A,XXXX,4,4,ACRES,2017-12-18T00:00:00.000Z,2017-12-18T00:00:00.000Z,,2018,2018,,030703,03,07,03,030703,Kaibab National Forest,North Kaibab Ranger District,0307,FS,USDA FOREST SERVICE,AZ,,,,,420,Tractor Logging,455,Feller Buncher,,32654,(PALS)DN & FONSI JACOB-RYAN VEGETATION MANAGEMENT PROJECT,MONARCH BUTTERFLY HABITAT RESTORATION, ,MBHR,CT,4,ACRES,3.83,3978205010602,1159978010602,A000000083,030703A000000083097,097,LABOR PAYUNIT 1 GRP SELECT REGEN HARV,5749300010602,33859,3,Accomplished,2018-10-31T15:22:49.000Z,2,GPS – Uncorrected Data,,0307_27995_ACTP,5464,Coconino,1.564274699559e-06,0.0101554141953885
7100,"Pollinator habitat improved, restored or maintained",N/A,XXXX,42,42,ACRES,2017-12-18T00:00:00.000Z,2017-12-18T00:00:00.000Z,,2018,2018,,030703,03,07,03,030703,Kaibab National Forest,North Kaibab Ranger District,0307,FS,USDA FOREST SERVICE,AZ,,,,,420,Tractor Logging,455,Feller Buncher,0,32654,(PALS)DN & FONSI JACOB-RYAN VEGETATION MANAGEMENT PROJECT,MONARCH BUTTERFLY HABITAT RESTORATION, ,MBHR,CT,42,ACRES,42.081,3978205010602,1159981010602,A000000083,030703A000000083098,098,LABOR PAYUNIT 2 TENDING,5749219010602,33859,3,Accomplished,2018-10-31T15:22:49.000Z,2,GPS – Uncorrected Data,,0307_27998_ACTP,5465,Coconino,1.71857551130485e-05,0.0359936312355106
7100,"Pollinator habitat improved, restored or maintained",N/A,XXXX,4,4,ACRES,2017-12-18T00:00:00.000Z,2017-12-18T00:00:00.000Z,,2018,2018,,030703,03,07,03,030703,Kaibab National Forest,North Kaibab Ranger District,0307,FS,USDA FOREST SERVICE,AZ,,,,,420,Tractor Logging,455,Feller Buncher,0,32654,(PALS)DN & FONSI JACOB-RYAN VEGETATION MANAGEMENT PROJECT,MONARCH BUTTERFLY HABITAT RESTORATION, ,MBHR,CT,4,ACRES,4.271,3978205010602,1159982010602,A000000083,030703A000000083099,099,LABOR PAYUNIT 2 GRP SELECT REGEN HARV,5749411010602,33859,3,Accomplished,2018-10-31T15:22:49.000Z,2,GPS – Uncorrected Data,,0307_27997_ACTP,5466,Coconino,1.744328912114e-06,0.0115626282548739
7100,"Pollinator habitat improved, restored or maintained",N/A,XXXX,27,27,ACRES,2017-12-18T00:00:00.000Z,2017-12-18T00:00:00.000Z,,2018,2018,,030703,03,07,03,030703,Kaibab National Forest,North Kaibab Ranger District,0307,FS,USDA FOREST SERVICE,AZ,,,,,420,Tractor Logging,455,Feller Buncher,0,32654,(PALS)DN & FONSI JACOB-RYAN VEGETATION MANAGEMENT PROJECT,MONARCH BUTTERFLY HABITAT RESTORATION, ,MBHR,CT,27,ACRES,26.682,3978205010602,1159983010602,A000000083,030703A000000083100,100,LABOR PAYUNIT 3 TENDING,5749286010602,33859,3,Accomplished,2018-10-31T15:22:50.000Z,2,GPS – Uncorrected Data,,0307_28040_ACTP,5467,Coconino,1.08964177226435e-05,0.0419181841264152
7100,"Pollinator habitat improved, restored or maintained",N/A,XXXX,3,3,ACRES,2017-12-18T00:00:00.000Z,2017-12-18T00:00:00.000Z,,2018,2018,,030703,03,07,03,030703,Kaibab National Forest,North Kaibab Ranger District,0307,FS,USDA FOREST SERVICE,AZ,,,,,420,Tractor Logging,455,Feller Buncher,,32654,(PALS)DN & FONSI JACOB-RYAN VEGETATION MANAGEMENT PROJECT,MONARCH BUTTERFLY HABITAT RESTORATION, ,MBHR,CT,3,ACRES,2.952,3978205010602,1159984010602,A000000083,030703A000000083101,101,LABOR PAYUNIT 3 GRP SELECT REGEN HARV,5749415010602,33859,3,Accomplished,2018-10-31T15:22:49.000Z,2,GPS – Uncorrected Data,,0307_27999_ACTP,5468,Coconino,1.205522181123e-06,0.0106270875406148
7100,"Pollinator habitat improved, restored or maintained",N/A,XXXX,35,35,ACRES,2017-12-18T00:00:00.000Z,2017-12-18T00:00:00.000Z,,2018,2018,,030703,03,07,03,030703,Kaibab National Forest,North Kaibab Ranger District,0307,FS,USDA FOREST SERVICE,AZ,,,,,420,Tractor Logging,455,Feller Buncher,,32654,(PALS)DN & FONSI JACOB-RYAN VEGETATION MANAGEMENT PROJECT,MONARCH BUTTERFLY HABITAT RESTORATION, ,MBHR,CT,35,ACRES,35.037,3978205010602,1159986010602,A000000083,030703A000000083102,102,LABOR PAYUNIT 4 TENDING,5749292010602,33859,3,Accomplished,2018-10-31T15:22:49.000Z,2,GPS – Uncorrected Data,,0307_28001_ACTP,5469,Coconino,1.43077510803945e-05,0.0288037279435517
7100,"Pollinator habitat improved, restored or maintained",N/A,,2,,ACRES,2017-12-18T00:00:00.000Z,,,2018,,,030703,03,07,03,030703,Kaibab National Forest,North Kaibab Ranger District,0307,FS,USDA FOREST SERVICE,AZ,,,,,420,Tractor Logging,455,Feller Buncher,,32654,(PALS)DN & FONSI JACOB-RYAN VEGETATION MANAGEMENT PROJECT,MONARCH BUTTERFLY HABITAT RESTORATION, ,MBHR,CT,2,ACRES,1.901,3978205010602,1159988010602,A000000083,030703A000000083103,103,LABOR PAYUNIT 4 GRP SELECT REGEN HARV,5749421010602,33859,3,Accomplished,2018-10-31T15:22:49.000Z,2,GPS – Uncorrected Data,,0307_28000_ACTP,5470,Coconino,7.76175201175e-07,0.00605579603149596
7100,"Pollinator habitat improved, restored or maintained",N/A,XXXX,71,71,ACRES,2017-12-19T00:00:00.000Z,2017-12-19T00:00:00.000Z,,2018,2018,,030703,03,07,03,030703,Kaibab National Forest,North Kaibab Ranger District,0307,FS,USDA FOREST SERVICE,AZ,,,,,420,Tractor Logging,455,Feller Buncher,,32654,(PALS)DN & FONSI JACOB-RYAN VEGETATION MANAGEMENT PROJECT,MONARCH BUTTERFLY HABITAT RESTORATION, ,MBHR,CT,71,ACRES,70.973,3978205010602,1160397010602,A000000083,030703A000000083106,106,BRIDGE PAYUNIT 1 TENDING,5750876010602,33859,3,Accomplished,2018-10-31T15:22:49.000Z,2,GPS – Uncorrected Data,,0307_28004_ACTP,5471,Coconino,2.89852838779e-05,0.0452714424725461
4152,Group Selection Cut (UA/RH/FH),Biomass Removal,XXXX,6,6,ACRES,2017-06-23T00:00:00.000Z,2017-06-23T00:00:00.000Z,2019-05-29T00:00:00.000Z,2017,2017,2019,030703,03,07,03,030703,Kaibab National Forest,North Kaibab Ranger District,0307,FS,USDA FOREST SERVICE,AZ,,,,,420,Tractor Logging,455,Feller Buncher,,32654,(PALS)DN & FONSI JACOB-RYAN VEGETATION MANAGEMENT PROJECT,MONARCH BUTTERFLY HABITAT RESTORATION, ,MBHR,CT,6,ACRES,6.081,3978205010602,1205744010602,A000000083,030703A000000083033,033,BUCK LAKE GRP SELECT PAY UNIT 1,5961314010602,33859,3,Accomplished,2019-10-29T21:22:32.000Z,2,GPS – Uncorrected Data,,0307_28974_ACTP,5450,Coconino,2.481886848307e-06,0.020542478122041
4220,Commercial Thin,Thinning,XXXX,33,33,ACRES,2017-07-17T00:00:00.000Z,2017-07-17T00:00:00.000Z,2017-07-17T00:00:00.000Z,2017,2017,2017,030703,03,07,03,030703,Kaibab National Forest,North Kaibab Ranger District,0307,FS,USDA FOREST SERVICE,AZ,,,,,420,Tractor Logging,455,Feller Buncher,,32654,(PALS)DN & FONSI JACOB-RYAN VEGETATION MANAGEMENT PROJECT,"MONARCH BUTTERFLY HABITAT RESTORATION,RESILIENCY,WILD BUCK TS"," , ,03143","MBHR,WBBS,WBBS",CT,33,ACRES,32.476,3978205010602,944512010602,A000000083,030703A000000083024,024,WILD BUCK COM. THIN TENDING PAY UNIT 6,5465527010602,33859,3,Accomplished,2017-10-02T20:44:51.000Z,3,GPS – Differentially Corrected Data,,0307_26968_ACTP,5448,Coconino,1.3249700318633e-05,0.0274668986010074
4220,Commercial Thin,Thinning,XXXX,88,88,ACRES,2017-06-23T00:00:00.000Z,2017-06-23T00:00:00.000Z,2019-05-29T00:00:00.000Z,2017,2017,2019,030703,03,07,03,030703,Kaibab National Forest,North Kaibab Ranger District,0307,FS,USDA FOREST SERVICE,AZ,,,,,420,Tractor Logging,455,Feller Buncher,,32654,(PALS)DN & FONSI JACOB-RYAN VEGETATION MANAGEMENT PROJECT,MONARCH BUTTERFLY HABITAT RESTORATION, ,MBHR,CT,88,ACRES,88.316,3978205010602,1205639010602,A000000083,030703A000000083032,032,BUCK LAKE COM THIN TENDING PAY UNIT 1,5961268010602,33859,3,Accomplished,2019-10-29T21:22:32.000Z,2,GPS – Uncorrected Data,,0307_28973_ACTP,5449,Coconino,3.6044670472597e-05,0.129576574000601
4220,Commercial Thin,Thinning,XXXX,190,190,ACRES,2017-06-23T00:00:00.000Z,2017-06-23T00:00:00.000Z,2018-11-26T00:00:00.000Z,2017,2017,2019,030703,03,07,03,030703,Kaibab National Forest,North Kaibab Ranger District,0307,FS,USDA FOREST SERVICE,AZ,,,,,420,Tractor Logging,455,Feller Buncher,,32654,(PALS)DN & FONSI JACOB-RYAN VEGETATION MANAGEMENT PROJECT,MONARCH BUTTERFLY HABITAT RESTORATION, ,MBHR,CT,190,ACRES,190.122,3978205010602,1205836010602,A000000083,030703A000000083038,038,BUCK LAKE COM THIN TENDING PAY UNIT 4,5961570010602,33859,3,Accomplished,2019-10-29T21:22:32.000Z,2,GPS – Uncorrected Data,,0307_28972_ACTP,5451,Coconino,7.7621307081488e-05,0.104894409797691
4152,Group Selection Cut (UA/RH/FH),Biomass Removal,XXXX,7,7,ACRES,2017-06-23T00:00:00.000Z,2017-06-23T00:00:00.000Z,2018-11-26T00:00:00.000Z,2017,2017,2019,030703,03,07,03,030703,Kaibab National Forest,North Kaibab Ranger District,0307,FS,USDA FOREST SERVICE,AZ,,,,,420,Tractor Logging,455,Feller Buncher,,32654,(PALS)DN & FONSI JACOB-RYAN VEGETATION MANAGEMENT PROJECT,MONARCH BUTTERFLY HABITAT RESTORATION, ,MBHR,CT,7,ACRES,6.7,3978205010602,1205871010602,A000000083,030703A000000083039,039,BUCK LAKE GRP SELECT PAY UNIT 4,5961624010602,33859,3,Accomplished,2019-10-29T21:22:33.000Z,2,GPS – Uncorrected Data,,0307_28975_ACTP,5452,Coconino,2.735362412964e-06,0.0203647680809666
7100,"Pollinator habitat improved, restored or maintained",N/A,XXXX,1,1,ACRES,2018-08-31T00:00:00.000Z,2018-08-31T00:00:00.000Z,,2018,2018,,030703,03,07,03,030703,Kaibab National Forest,North Kaibab Ranger District,0307,FS,USDA FOREST SERVICE,AZ,,,,,420,Tractor Logging,455,Feller Buncher,,32654,(PALS)DN & FONSI JACOB-RYAN VEGETATION MANAGEMENT PROJECT,"MONARCH BUTTERFLY HABITAT RESTORATION,RIDGE REOFFER"," ,03143","MBHR,WBBS",CT,1,ACRES,0.961,3978205010602,1154960010602,A000000083,030703A000000083086,086,RIDGEREOFF PAYUNIT 1 GRP SELECT CUT,5743113010602,33859,3,Accomplished,2018-10-31T15:22:49.000Z,2,GPS – Uncorrected Data,,0307_27991_ACTP,5455,Coconino,3.920309806595e-07,0.0025697189579949
4220,Commercial Thin,Thinning,XXXX,79,79,ACRES,2017-06-23T00:00:00.000Z,2017-06-23T00:00:00.000Z,2017-06-23T00:00:00.000Z,2017,2017,2017,030703,03,07,03,030703,Kaibab National Forest,North Kaibab Ranger District,0307,FS,USDA FOREST SERVICE,AZ,,,,,420,Tractor Logging,455,Feller Buncher,0,32654,(PALS)DN & FONSI JACOB-RYAN VEGETATION MANAGEMENT PROJECT,"BUCK LAKE TS,MONARCH BUTTERFLY HABITAT RESTORATION,RESILIENCY"," , ,03150","MBHR,WBBS,WBBS",CT,79,ACRES,79.334,3978205010602,956469010602,A000000083,030703A000000083042,042,BUCK LAKE COM THIN TENDING PAY UNIT 6,5465654010602,33859,3,Accomplished,2017-10-02T20:44:52.000Z,3,GPS – Differentially Corrected Data,,0307_26981_ACTP,5453,Coconino,3.23932517453995e-05,0.0585261153597982
7100,"Pollinator habitat improved, restored or maintained",N/A,XXXX,81,81,ACRES,2018-08-31T00:00:00.000Z,2018-08-31T00:00:00.000Z,,2018,2018,,030703,03,07,03,030703,Kaibab National Forest,North Kaibab Ranger District,0307,FS,USDA FOREST SERVICE,AZ,,,,,420,Tractor Logging,455,Feller Buncher,,32654,(PALS)DN & FONSI JACOB-RYAN VEGETATION MANAGEMENT PROJECT,"MONARCH BUTTERFLY HABITAT RESTORATION,RIDGE REOFFER"," ,03143","MBHR,WBBS",CT,81,ACRES,80.574,3978205010602,1154952010602,A000000083,030703A000000083085,085,RIDGEREOFF PAYUNIT 1 TENDING,5730030010602,33859,3,Accomplished,2018-10-31T15:22:49.000Z,2,GPS – Uncorrected Data,,0307_27992_ACTP,5454,Coconino,3.28821297703995e-05,0.0475448501615693
7100,"Pollinator habitat improved, restored or maintained",N/A,NFWF,6.5,6.5,ACRES,2018-11-06T00:00:00.000Z,2018-11-06T00:00:00.000Z,2018-11-06T00:00:00.000Z,2019,2019,2019,020705,02,07,05,020705,Nebraska National Forest,Fall River Ranger District,0207,FS,USDA FOREST SERVICE,SD,,,,,000,Not Applicable,000,NA,25,CE NO DM,CE without DM,MONARCH BUTTERFLY HABITAT RESTORATION, ,MBHR,FA,6.5,ACRES,6.551,6229108010602,1210618010602,FRDMILKW19,020705FRDMILKW19000,000,FRRD MILKWEED PLANTING FY19,5979600010602,1757010602,3,Accomplished,2019-10-30T00:00:00.000Z,24,Other,,0207_21529_ACTP,5442,Fall River,2.9352697968865e-06,0.010757422762867
7100,"Pollinator habitat improved, restored or maintained",N/A,SPFH,97,97,ACRES,2013-09-24T00:00:00.000Z,2013-09-24T00:00:00.000Z,2018-07-02T00:00:00.000Z,2013,2013,2018,030703,03,07,03,030703,Kaibab National Forest,North Kaibab Ranger District,0307,FS,USDA FOREST SERVICE,AZ,,,,,420,Tractor Logging,455,Feller Buncher,250,32654,(PALS)DN & FONSI JACOB-RYAN VEGETATION MANAGEMENT PROJECT,MONARCH BUTTERFLY HABITAT RESTORATION, ,MBHR,SC,97,ACRES,97.108,3978205010602,905797010602,A000000083,030703A000000083004,004,PEARL OPTIONAL SERVICE FUELBREAK PREP,5741787010602,33859,3,Accomplished,2013-11-15T00:00:00.000Z,3,GPS – Differentially Corrected Data,,0307_15628_ACTP,5443,Coconino,3.966666739829e-05,0.2525560909015
7100,"Pollinator habitat improved, restored or maintained",N/A,NFHF,16.2,16.2,ACRES,2019-06-01T00:00:00.000Z,2019-06-03T00:00:00.000Z,2019-06-03T00:00:00.000Z,2019,2019,2019,020702,02,07,02,020702,Nebraska National Forest,Pine Ridge Ranger District,0207,FS,USDA FOREST SERVICE,NE,,,,,100,Manual,100,Hand Work,35,44517,(PALS)PINE RIDGE LANDSCAPE RESTORATION,MONARCH BUTTERFLY HABITAT RESTORATION, ,MBHR,FA,16.2,ACRES,16.234,6230471010602,1210989010602,PRRDPOLL19,020702PRRDPOLL19000,000,POLLINATOR HABITAT,5980391010602,42226,3,Accomplished,2019-11-06T00:00:00.000Z,24,Other,,0207_21536_ACTP,5441,Dawes,7.213568714227e-06,0.0377268610120597
4570,Other Stand Tending,N/A,XXXX,123,123,ACRES,2013-09-24T00:00:00.000Z,2013-09-24T00:00:00.000Z,2018-07-02T00:00:00.000Z,2013,2013,2018,030703,03,07,03,030703,Kaibab National Forest,North Kaibab Ranger District,0307,FS,USDA FOREST SERVICE,AZ,,,,,420,Tractor Logging,455,Feller Buncher,0,32654,(PALS)DN & FONSI JACOB-RYAN VEGETATION MANAGEMENT PROJECT,"MONARCH BUTTERFLY HABITAT RESTORATION,PEARL STEWARDSHIP,RESILIENCY"," , ,03144","MBHR,STWD,WBBS",CT,123,ACRES,123.496,3978205010602,916552010602,A000000083,030703A000000083011,011,PEARL STEW. COM THIN TENDING PAY UNIT 4,4078607010602,33859,3,Accomplished,2014-04-14T00:00:00.000Z,3,GPS – Differentially Corrected Data,,0307_15648_ACTP,5444,Coconino,5.0418163107841e-05,0.0728307686720969
